Product type,SKU,Price,Availability,Number of products sold,Revenue generated,Customer demographics,Stock levels,Lead times,Order quantities,Shipping times,Shipping carriers,Shipping costs,Supplier name,Location,Lead time,Production volumes,Manufacturing lead time,Manufacturing costs,Inspection results,Defect rates,Transportation modes,Routes,Costs
haircare,SKU0,69.80800554211577,55,802,8661.996792392383,Non-binary,58,7,96,4,Carrier B,2.956572139430807,Supplier 3,Mumbai,29,215,29,46.27987924050832,Pending,0.2264103608499251,Road,Route B,187.75207545920392
skincare,SKU1,14.84352327508434,95,736,7460.900065445849,Female,53,30,37,2,Carrier A,9.71657477143131,Supplier 3,Mumbai,23,517,30,33.61676895373,Pending,4.854068026388706,Road,Route B,503.0655791496692
haircare,SKU2,11.319683293090566,34,8,9577.74962586873,Unknown,1,10,88,2,Carrier B,8.054479261732155,Supplier 1,Mumbai,12,971,27,30.688019348284204,Pending,4.580592619199229,Air,Route C,141.92028177151906
skincare,SKU3,61.163343016437736,68,83,7766.836425685233,Non-binary,23,13,59,6,Carrier C,1.7295685635434288,Supplier 5,Kolkata,24,937,18,35.62474139712503,Fail,4.74664862064775,Rail,Route A,254.77615921928663
skincare,SKU4,4.805496036345893,26,871,2686.505151567447,Non-binary,5,3,56,8,Carrier A,3.890547915870672,Supplier 1,Delhi,5,414,3,92.06516059871284,Fail,3.145579522833002,Air,Route A,923.4406317119222
haircare,SKU5,1.6999760138659377,87,147,2828.348745975759,Non-binary,90,27,66,3,Carrier B,4.444098864382293,Supplier 4,Bangalore,10,104,17,56.7664755574318,Fail,2.7791935115711617,Road,Route A,235.4612367355375
skincare,SKU6,4.078332863107945,48,65,7823.476559531737,Male,11,15,58,8,Carrier C,3.880763302952003,Supplier 3,Kolkata,14,314,24,1.0850685695870688,Pending,1.0009106193041355,Sea,Route A,134.36909686103172
cosmetics,SKU7,42.95838438246007,59,426,8496.103813089838,Female,93,17,11,1,Carrier B,2.3483387844177805,Supplier 4,Bangalore,22,564,1,99.46610860359912,Fail,0.3981771868506506,Road,Route C,802.0563118175586
cosmetics,SKU8,68.71759674852733,78,150,7517.363210631127,Female,5,10,15,7,Carrier C,3.4047338570830266,Supplier 4,Mumbai,13,769,8,11.423027139565695,Pending,2.709862691109961,Sea,Route B,505.55713422546415
skincare,SKU9,64.01573294127854,35,980,4971.145987585558,Unknown,14,27,83,1,Carrier A,7.166645291048216,Supplier 2,Chennai,29,963,23,47.95760163495158,Pending,3.844614478767585,Rail,Route B,995.9294614986416
skincare,SKU10,15.707795681912138,11,996,2330.965802091949,Non-binary,51,13,80,2,Carrier C,8.673211211278613,Supplier 5,Kolkata,18,830,5,96.52735278531092,Pass,1.7273139283559424,Road,Route B,806.103177702923
skincare,SKU11,90.63545998228868,95,960,6099.944115581452,Female,46,23,60,1,Carrier A,4.523943124316663,Supplier 2,Kolkata,28,362,11,27.592363086663696,Pending,0.0211698213729943,Air,Route A,126.72303340940724
haircare,SKU12,71.21338907536008,41,336,2873.7414460214413,Unknown,100,30,85,4,Carrier A,1.325274010184522,Supplier 4,Kolkata,3,563,3,32.32128621342403,Fail,2.161253747555912,Road,Route B,402.9687890737706
skincare,SKU13,16.160393317379977,5,249,4052.738416237866,Male,80,8,48,9,Carrier A,9.537283061108338,Supplier 5,Bangalore,23,173,10,97.82905011017328,Pending,1.6310742300715386,Road,Route B,547.2410051609685
skincare,SKU14,99.1713286386242,26,562,8653.570926469802,Non-binary,54,29,78,5,Carrier B,2.039770189449332,Supplier 1,Kolkata,25,558,14,5.791436629862989,Pending,0.1006828515650937,Air,Route B,929.2352899608896
skincare,SKU15,36.98924492862691,94,469,5442.086785397673,Non-binary,9,8,69,7,Carrier B,2.4220397232752044,Supplier 1,Bangalore,14,580,7,97.12128175147431,Pass,2.264405761198549,Sea,Route B,127.8618000016254
skincare,SKU16,7.547172109791272,74,280,6453.797968176285,Female,2,5,78,1,Carrier B,4.191324585705502,Supplier 1,Bangalore,3,399,21,77.10634249785001,Pass,1.012563089258049,Air,Route A,865.5257797712403
cosmetics,SKU17,81.46253436923702,82,126,2629.396434845262,Female,45,17,85,9,Carrier C,3.585418958232342,Supplier 1,Chennai,7,453,16,47.679680368355335,Fail,0.1020207549181761,Air,Route C,670.9343907924103
haircare,SKU18,36.443627770460935,23,620,9364.673505076173,Unknown,10,10,46,8,Carrier C,4.339224714110709,Supplier 2,Kolkata,18,374,17,27.10798085484392,Pending,2.231939110729264,Sea,Route A,593.4802587206518
skincare,SKU19,51.12387008796474,100,187,2553.495584991215,Unknown,48,11,94,3,Carrier A,4.742635882841877,Supplier 4,Chennai,20,694,16,82.37332058799021,Fail,3.646450865417029,Road,Route C,477.3076310909034
skincare,SKU20,96.34107243996338,22,320,8128.027696851192,Unknown,27,12,68,6,Carrier A,8.87833465092684,Supplier 1,Chennai,29,309,6,65.68625960848863,Pass,4.231416573534539,Air,Route B,493.87121531620585
cosmetics,SKU21,84.89386898495083,60,601,7087.052696357437,Unknown,69,25,7,6,Carrier B,6.037883769218298,Supplier 5,Chennai,19,791,4,61.73572895416093,Pending,0.0186075676310149,Air,Route C,523.360914720158
haircare,SKU22,27.67978088650196,55,884,2390.8078665561734,Unknown,71,1,63,10,Carrier A,9.56764892092304,Supplier 4,Kolkata,22,780,28,50.12083961297735,Fail,2.591275473211116,Rail,Route C,205.57199582694707
cosmetics,SKU23,4.324341185864164,30,391,8858.367571011484,Unknown,84,5,29,7,Carrier A,2.924857601145554,Supplier 5,Kolkata,11,568,29,98.60995724270389,Pending,1.342291562722734,Rail,Route A,196.32944611241268
haircare,SKU24,4.156308359311108,32,209,9049.077860939897,Male,4,26,2,8,Carrier C,9.741291689284369,Supplier 2,Bangalore,28,447,3,40.382359702924816,Pending,3.691310292628728,Air,Route A,758.7247726029383
haircare,SKU25,39.62934398509263,73,142,2174.777054350654,Male,82,11,52,3,Carrier C,2.231073681281728,Supplier 4,Kolkata,19,934,23,78.28038311841539,Pending,3.797231217114183,Road,Route B,458.535945739209
haircare,SKU26,97.44694661789282,9,353,3716.493325894037,Male,59,16,48,4,Carrier B,6.507548621078551,Supplier 2,Bangalore,26,171,4,15.97222975718176,Pass,2.119319736724923,Rail,Route A,617.8669164583772
cosmetics,SKU27,92.55736081240202,42,352,2686.457223575984,Unknown,47,9,62,8,Carrier C,7.406750952998074,Supplier 5,Mumbai,25,291,4,10.528245070042162,Fail,2.864667837883373,Sea,Route B,762.4591821556837
cosmetics,SKU28,2.397274705597141,12,394,6117.324615083992,Female,48,15,24,4,Carrier B,9.898140508069222,Supplier 1,Mumbai,13,171,7,59.42938181069157,Fail,0.815757079295672,Air,Route A,123.43702751182708
cosmetics,SKU29,63.44755918520733,3,253,8318.903194617178,Female,45,5,67,7,Carrier B,8.100973145397031,Supplier 1,Kolkata,16,329,7,39.29287558606575,Pass,3.878098936588488,Road,Route B,764.9353759407081
haircare,SKU30,8.022859210526393,10,327,2766.342366866089,Male,60,26,35,7,Carrier B,8.954528315318015,Supplier 4,Kolkata,27,806,30,51.63489340010933,Pending,0.9653947053523932,Road,Route C,880.080988247161
skincare,SKU31,50.8473930517187,28,168,9655.135102719398,Male,6,17,44,4,Carrier B,2.6796609649814065,Supplier 3,Chennai,24,461,8,60.25114566159808,Pending,2.9890000066550746,Rail,Route C,609.3792066184267
skincare,SKU32,79.20993601565672,43,781,9571.55048732782,Unknown,89,13,64,4,Carrier C,6.599104901238584,Supplier 3,Kolkata,30,737,7,29.69246715374977,Pass,1.946036119386113,Road,Route A,761.1739095148776
cosmetics,SKU33,64.7954350001556,63,616,5149.9983504080365,Non-binary,4,17,95,9,Carrier C,4.85827050343664,Supplier 5,Chennai,1,251,23,23.853427512896133,Fail,3.541046012250923,Sea,Route A,371.255295519871
skincare,SKU34,37.46759232984246,96,602,9061.710895507724,Unknown,1,26,21,7,Carrier A,1.019487570822119,Supplier 1,Chennai,4,452,10,10.754272815029331,Pass,0.6466045593720549,Road,Route B,510.3580004335235
cosmetics,SKU35,84.95778681635043,11,449,6541.329344802465,Female,42,27,85,8,Carrier C,5.288189990327409,Supplier 1,Delhi,3,367,2,58.004787044743765,Pass,0.5411540980605811,Sea,Route C,553.4204712303558
skincare,SKU36,9.813002578754052,34,963,7573.402457848733,Female,18,23,28,3,Carrier B,2.107951267159081,Supplier 2,Delhi,26,671,19,45.531364237162144,Fail,3.8055333792433537,Air,Route C,403.8089742481805
skincare,SKU37,23.39984475261435,5,963,2438.339930470029,Female,25,8,21,9,Carrier A,1.5326552735904306,Supplier 3,Kolkata,24,867,15,34.34327746507538,Pending,2.610288084848113,Sea,Route A,183.9329680435944
cosmetics,SKU38,52.0759306827078,75,705,9692.318040218432,Non-binary,69,1,88,5,Carrier B,9.235931437249228,Supplier 5,Mumbai,10,841,12,5.930693645528318,Pending,0.6133268991645074,Air,Route B,339.6728699486061
skincare,SKU39,19.127477265823256,26,176,1912.4656631007608,Female,78,29,34,3,Carrier A,5.562503778830384,Supplier 2,Kolkata,30,791,6,9.005807428781642,Fail,1.451972203996816,Air,Route B,653.6729945520332
skincare,SKU40,80.54142417094033,97,933,5724.959350456265,Female,90,20,39,8,Carrier C,7.229595139736474,Supplier 1,Kolkata,18,793,1,88.17940710421746,Pending,4.213269430586566,Road,Route A,529.8087239806919
skincare,SKU41,99.11329161531717,35,556,5521.205259010972,Female,64,19,38,8,Carrier B,5.773263743766654,Supplier 4,Chennai,18,892,7,95.3320645487725,Fail,0.0453022623982596,Sea,Route A,275.5243711313098
skincare,SKU42,46.52916761451677,98,155,1839.609425856764,Female,22,27,57,4,Carrier C,7.526248326851508,Supplier 5,Bangalore,26,179,7,96.42282063957188,Fail,4.939255288620948,Road,Route A,635.6571205019919
haircare,SKU43,11.74327177630924,6,598,5737.425599119023,Unknown,36,29,85,9,Carrier B,3.6940212683884543,Supplier 5,Mumbai,1,206,23,26.27736595733241,Pending,0.3723047679850977,Air,Route A,716.0441197593407
cosmetics,SKU44,51.35579091311039,34,919,7152.2860494355145,Female,13,19,72,6,Carrier C,7.577449657376693,Supplier 2,Delhi,7,834,18,22.554106620887744,Fail,2.962626320454882,Rail,Route A,610.4532696192277
haircare,SKU45,33.78413803306551,1,24,5267.956807510521,Male,93,7,52,6,Carrier B,5.21515500871191,Supplier 2,Chennai,25,794,25,66.31254443999165,Pass,3.219604612084106,Rail,Route A,495.305697028474
haircare,SKU46,27.0822071998889,75,859,2556.767360633596,Non-binary,92,29,6,8,Carrier B,4.070955837084083,Supplier 3,Chennai,18,870,23,77.32235321105162,Pending,3.6486105925362033,Road,Route B,380.4359371119643
skincare,SKU47,95.71213588093607,93,910,7089.474249934186,Male,4,15,51,9,Carrier B,8.97875075594997,Supplier 1,Kolkata,10,964,20,19.712992911293647,Pending,0.3805735867132137,Rail,Route A,581.6023550505868
haircare,SKU48,76.03554442689172,28,29,7397.07100458718,Non-binary,30,16,9,3,Carrier C,7.0958331565551385,Supplier 2,Mumbai,9,109,18,23.126363582464776,Fail,1.6981125407144038,Rail,Route B,768.65191395437
cosmetics,SKU49,78.89791320564004,19,99,8001.613206519002,Unknown,97,24,9,6,Carrier C,2.5056210329009154,Supplier 5,Delhi,28,177,28,14.147815443979216,Pass,2.825813985400132,Rail,Route A,336.8901685199779
cosmetics,SKU50,14.203484264803022,91,633,5910.885389668899,Female,31,23,82,10,Carrier A,6.247860914975991,Supplier 2,Delhi,20,306,21,45.17875792463452,Fail,4.754800804671185,Rail,Route B,496.24865029194046
haircare,SKU51,26.70076097246173,61,154,9866.465457979695,Male,100,4,52,1,Carrier A,4.783000557947665,Supplier 5,Bangalore,18,673,28,14.19032834456998,Pending,1.7729511720835571,Road,Route A,694.9823175794459
skincare,SKU52,98.03182965646508,1,820,9435.76260891213,Male,64,11,11,1,Carrier B,8.631052179768947,Supplier 1,Mumbai,10,727,27,9.166849148597151,Pending,2.1224716191438247,Air,Route C,602.8984988383834
skincare,SKU53,30.34147071121421,93,242,8232.334829425821,Male,96,25,54,3,Carrier B,1.0134865660958965,Supplier 1,Delhi,1,631,17,83.34405899167797,Pending,1.4103475760760271,Air,Route B,750.7378406682709
haircare,SKU54,31.146243160240854,11,622,6088.021479940859,Non-binary,33,22,61,3,Carrier B,4.305103471287636,Supplier 1,Kolkata,26,497,29,30.186023375822508,Pass,2.478771975539748,Road,Route B,814.0699965821875
haircare,SKU55,79.85505834078943,16,701,2925.6751703038126,Male,97,11,11,5,Carrier A,5.014364955030907,Supplier 2,Delhi,27,918,5,30.3235452566165,Fail,4.548919659396385,Sea,Route B,323.01292795247883
skincare,SKU56,20.986386037043378,90,93,4767.020484344137,Non-binary,25,23,83,5,Carrier C,1.7744297140717396,Supplier 1,Mumbai,24,826,28,12.836284572832753,Pass,1.173755495387454,Air,Route B,832.2108087060217
haircare,SKU57,49.26320535073416,65,227,1605.8669003924058,Unknown,5,18,51,1,Carrier B,9.16055853538187,Supplier 2,Delhi,21,588,25,67.77962298707814,Pending,2.511174830212707,Rail,Route A,482.1912386025281
skincare,SKU58,59.84156137728931,81,896,2021.149810337108,Non-binary,10,5,44,7,Carrier A,4.93843856471209,Supplier 3,Delhi,18,396,7,65.04741509469146,Fail,1.7303747198591968,Road,Route B,110.36433523136472
cosmetics,SKU59,63.828398347710966,30,484,1061.618523013288,Non-binary,100,16,26,7,Carrier B,7.293722596867728,Supplier 1,Kolkata,11,176,4,1.900762243519458,Fail,0.4471940154638232,Air,Route A,312.5742736100933
skincare,SKU60,17.028027920188702,16,380,8864.084349586436,Female,41,27,72,8,Carrier C,4.3813681581023145,Supplier 4,Mumbai,29,929,24,87.21305781513568,Fail,2.853090616649054,Rail,Route A,430.1690969751365
haircare,SKU61,52.02874990329492,23,117,6885.589350896253,Unknown,32,23,36,7,Carrier C,9.030340422521949,Supplier 4,Kolkata,14,480,12,78.7023939688789,Fail,4.367470538205053,Air,Route A,164.36652824341942
cosmetics,SKU62,72.79635395558736,89,270,3899.746833729224,Unknown,86,2,40,7,Carrier C,7.291701388776776,Supplier 2,Mumbai,13,751,14,21.048642725168644,Pass,1.8740014040443749,Sea,Route C,320.8465157591116
skincare,SKU63,13.017376785287857,55,246,4256.949140850225,Non-binary,54,19,10,4,Carrier A,2.45793352798733,Supplier 3,Bangalore,18,736,10,20.075003975630484,Pending,3.6328432903821337,Sea,Route A,687.2861778664173
skincare,SKU64,89.63409560813533,11,134,8458.730878367178,Female,73,27,75,6,Carrier C,4.585353468194652,Supplier 1,Delhi,17,328,6,8.693042425877287,Fail,0.1594863147175146,Air,Route C,771.2250846811575
skincare,SKU65,33.69771720664313,72,457,8354.579686481995,Male,57,24,54,8,Carrier C,6.580541347884595,Supplier 5,Kolkata,16,358,21,1.5972227430506774,Fail,4.911095954842331,Rail,Route C,555.8591036717435
skincare,SKU66,26.03486977396209,52,704,8367.721618020154,Female,13,17,19,8,Carrier A,2.2161427287713638,Supplier 5,Kolkata,24,867,28,42.08443673830996,Fail,3.4480632883402618,Road,Route A,393.8433485784279
skincare,SKU67,87.75543235400107,16,513,9473.798032508335,Unknown,12,9,71,9,Carrier C,9.147811544710631,Supplier 1,Mumbai,10,198,11,7.057876146978231,Pass,0.1319554443118148,Sea,Route C,169.2718013847869
haircare,SKU68,37.93181238279032,29,163,3550.218432780992,Non-binary,0,8,58,8,Carrier B,1.1942518648849991,Supplier 2,Bangalore,2,375,18,97.1135815634622,Fail,1.98346787217418,Rail,Route A,299.7063031181032
skincare,SKU69,54.86552851706979,62,511,1752.3810874841247,Non-binary,95,1,27,3,Carrier B,9.705286790120349,Supplier 4,Kolkata,9,862,7,77.62776581274817,Pending,1.3623879886491086,Air,Route A,207.6632062085756
haircare,SKU70,47.914541824058766,90,32,7014.887987203389,Female,10,12,22,4,Carrier B,6.315717754600723,Supplier 1,Bangalore,22,775,16,11.440781823761265,Pass,1.8305755986122316,Road,Route C,183.272898748711
cosmetics,SKU71,6.381533162747966,14,637,8180.337085425443,Female,76,2,26,6,Carrier A,9.228190317052515,Supplier 2,Bangalore,2,258,10,30.66167747785956,Pending,2.078750607874969,Road,Route A,405.1670678888559
cosmetics,SKU72,90.20442752052809,88,478,2633.121981312256,Non-binary,57,29,77,9,Carrier A,6.599614159689544,Supplier 1,Bangalore,21,152,11,55.76049289524421,Pending,3.213329607438309,Rail,Route B,677.9445698461833
cosmetics,SKU73,83.8510176813046,41,375,7910.886916140686,Male,17,25,66,5,Carrier B,1.5129368369160772,Supplier 4,Chennai,13,444,4,46.87023879761716,Fail,4.620546064513706,Road,Route A,866.4728001296578
haircare,SKU74,3.170011413566155,64,904,5709.945295969287,Female,41,6,1,5,Carrier A,5.237654650037448,Supplier 4,Delhi,1,919,9,80.58085215644782,Fail,0.3966127241099354,Rail,Route A,341.55265678322337
skincare,SKU75,92.99688423397066,29,106,1889.073589779335,Non-binary,16,20,56,10,Carrier C,2.473897761045461,Supplier 1,Chennai,25,759,11,48.06478264000659,Pass,2.030069088668752,Air,Route C,873.1296480176514
haircare,SKU76,69.10879954743032,23,241,5328.375984297758,Male,38,1,22,10,Carrier A,7.054538336836926,Supplier 2,Bangalore,25,985,24,64.32359779560022,Pending,2.1800374515822165,Rail,Route A,997.4134501331946
haircare,SKU77,57.44974295897148,14,359,2483.7601775427947,Unknown,96,28,57,4,Carrier B,6.780946625617895,Supplier 1,Kolkata,26,334,5,42.95244474899184,Pass,3.055141818307548,Road,Route B,852.56809891985
haircare,SKU78,6.306883176111915,50,946,1292.4584179377562,Unknown,5,4,51,5,Carrier B,8.46704977086199,Supplier 5,Mumbai,25,858,21,71.12651472040338,Pending,4.096881332470452,Sea,Route C,323.59220343132216
haircare,SKU79,57.05703122110322,56,198,7888.723268427081,Non-binary,31,25,20,1,Carrier B,6.4963253642950445,Supplier 3,Bangalore,5,228,12,57.87090292403628,Pending,0.1658716274806082,Air,Route C,351.50421933503867
skincare,SKU80,91.12831835044432,75,872,8651.672682982065,Unknown,39,14,41,2,Carrier C,2.8331846794189746,Supplier 3,Chennai,8,202,5,76.96122802382001,Fail,2.8496621985053308,Sea,Route B,787.7798504943445
haircare,SKU81,72.81920693031822,9,774,4384.413400045863,Unknown,48,6,8,5,Carrier B,4.066277501512044,Supplier 3,Delhi,28,698,1,19.789592941903603,Pending,2.547547121548712,Rail,Route B,276.77833594679885
skincare,SKU82,17.034930739467917,13,336,2943.3818676094515,Unknown,42,19,72,1,Carrier A,4.70818187354193,Supplier 2,Mumbai,6,955,26,4.46527843494324,Pending,4.137877048622357,Road,Route C,589.9785556280407
haircare,SKU83,68.91124621160633,82,663,2411.754632110491,Unknown,65,24,7,8,Carrier B,4.949839577996949,Supplier 1,Bangalore,20,443,5,97.73059380053304,Fail,0.7730061340672478,Road,Route A,682.9710182260933
haircare,SKU84,89.10436729210225,99,618,2048.2900998487103,Unknown,73,26,80,10,Carrier A,8.381615624922631,Supplier 5,Chennai,24,589,22,33.808636513209095,Pass,4.843456577118041,Air,Route B,465.457005963688
cosmetics,SKU85,76.96299441519388,83,25,8684.613059253858,Female,15,18,66,2,Carrier C,8.249168704871728,Supplier 5,Chennai,4,211,2,69.9293455186723,Fail,1.3744289997457582,Road,Route B,842.6868300046415
skincare,SKU86,19.99817694040422,18,223,1229.5910285649834,Unknown,32,14,22,6,Carrier B,1.4543053101535517,Supplier 1,Mumbai,4,569,18,74.60896999519468,Pass,2.0515129307662465,Rail,Route A,264.2548898358665
haircare,SKU87,80.41403665035574,24,79,5133.846701086692,Male,5,7,55,10,Carrier A,6.575803797548535,Supplier 3,Chennai,27,523,17,28.69699682414317,Fail,3.693737787839276,Sea,Route B,879.3592177349243
cosmetics,SKU88,75.27040697572501,58,737,9444.74203306298,Male,60,18,85,7,Carrier A,3.8012531329310777,Supplier 2,Mumbai,21,953,11,68.18491905704117,Pending,0.722204401882931,Sea,Route A,103.91624796070496
cosmetics,SKU89,97.76008558193868,10,134,5924.682566853231,Unknown,90,1,27,8,Carrier B,9.92981624527726,Supplier 1,Kolkata,23,370,11,46.60387338164447,Pending,1.9076657339590744,Rail,Route B,517.4999739290605
skincare,SKU90,13.881913501359142,56,320,9592.633570280312,Non-binary,66,18,96,7,Carrier B,7.674430708112694,Supplier 3,Bangalore,8,585,8,85.67596333579797,Pass,1.2193822244013883,Rail,Route B,990.0784725058112
cosmetics,SKU91,62.11196546396179,90,916,1935.206793507599,Male,98,22,85,7,Carrier B,7.471514084401146,Supplier 4,Delhi,5,207,28,39.772882502339975,Pending,0.6260018582093946,Rail,Route B,996.7783149506238
cosmetics,SKU92,47.71423307582023,44,276,2100.1297546259366,Male,90,25,10,8,Carrier B,4.469500026123601,Supplier 2,Mumbai,4,671,29,62.61269039561434,Pass,0.3334318252247392,Rail,Route B,230.0927825367629
haircare,SKU93,69.29083100290549,88,114,4531.4021336919095,Unknown,63,17,66,1,Carrier C,7.0064320590043945,Supplier 4,Chennai,21,824,20,35.63365234334388,Fail,4.165781795424145,Air,Route A,823.5238458881558
cosmetics,SKU94,3.037688724631414,97,987,7888.356546661873,Unknown,77,26,72,9,Carrier B,6.942945942032581,Supplier 2,Delhi,12,908,14,60.38737861486212,Pass,1.4636074984727798,Rail,Route B,846.6652569866948
haircare,SKU95,77.90392721944775,65,672,7386.363944048664,Unknown,15,14,26,9,Carrier B,8.630338869602754,Supplier 4,Mumbai,18,450,26,58.89068576858998,Pending,1.2108821295850665,Air,Route A,778.8642413766479
cosmetics,SKU96,24.42313142037338,29,324,7698.424765632117,Non-binary,67,2,32,3,Carrier C,5.352878043996809,Supplier 3,Mumbai,28,648,28,17.80375633139127,Pending,3.872047681482133,Road,Route A,188.74214114905695
haircare,SKU97,3.526111259143416,56,62,4370.916579984536,Male,46,19,4,9,Carrier A,7.904845611209675,Supplier 4,Mumbai,10,535,13,65.76515592636746,Fail,3.376237834717981,Road,Route A,540.1324228679678
skincare,SKU98,19.7546048668786,43,913,8525.952559683526,Female,53,1,27,7,Carrier B,1.409801095138073,Supplier 5,Chennai,28,581,9,5.604690864371781,Pending,2.908122169351261,Rail,Route A,882.1988635470415
haircare,SKU99,68.51783269927664,17,627,9185.185829181704,Unknown,55,8,59,6,Carrier B,1.3110237561206226,Supplier 2,Chennai,29,921,2,38.07289852062604,Fail,0.3460272907055034,Rail,Route B,210.74300896424612
skincare,SKU33,64.94575065282645,14,475,1963.0779694605706,Unknown,82,33,88,5,Carrier A,-0.08654573181668468,Supplier 1,Bangalore,11,141,38,13.359450414326979,Fail,5.652682323935709,Road,Route C,311.73785188872876
skincare,SKU20,43.5964036165347,31,222,9787.853086759658,Female,72,24,107,9,Carrier C,5.476629863344127,Supplier 2,Kolkata,13,859,13,48.10898157027687,Fail,3.6081180412854357,Air,Route C,215.14040667437513
haircare,SKU74,104.41484579616419,3,218,3325.4262120384833,Female,81,25,102,10,Carrier B,6.350873171517843,Supplier 3,Chennai,-7,638,16,5.272164193364034,Fail,2.680631712153703,Rail,Route A,410.69527020319737
cosmetics,SKU77,7.047920698875842,45,487,8363.080797395145,Female,-9,38,54,9,Carrier C,5.588864740459181,Supplier 2,Chennai,12,1058,28,27.03045295164764,Pass,3.306833346545338,Air,Route A,701.657289463585
haircare,SKU84,-22.57412955674407,42,140,5440.383626669085,Male,81,13,109,9,Carrier C,4.4087090274552665,Supplier 1,Mumbai,-9,518,4,23.82862837859024,Fail,1.0352992664551244,Rail,Route C,-93.51723559519507
skincare,SKU89,-8.255322517366523,14,170,9616.65919002178,Female,20,24,63,8,Carrier B,6.410777060135534,Supplier 1,Kolkata,9,-85,14,47.91372719366077,Pending,1.9543395571856932,Air,Route A,21.90716372101167
cosmetics,SKU9,35.35118616546195,-2,897,9046.132856853119,Male,25,14,80,10,Carrier A,4.867858164900433,Supplier 5,Mumbai,17,684,14,75.76707436075415,Fail,6.2558724471412335,Sea,Route A,110.23620577576668
haircare,SKU56,26.263166148572097,37,0,4198.342298945798,Non-binary,44,32,75,5,Carrier C,-0.4726032616521092,Supplier 1,Kolkata,21,616,16,36.98653888401202,Pending,4.598599353769691,Road,Route B,89.96460709524013
cosmetics,SKU97,59.775618397985724,3,60,6454.74293008233,Unknown,78,17,49,11,Carrier B,5.224833118330579,Supplier 3,Kolkata,11,521,-4,36.17232921396522,Pending,0.5599306837122721,Rail,Route B,-126.12524623068174
skincare,SKU56,15.602548576899249,4,521,1291.4645051116681,Male,17,18,124,8,Carrier C,-0.9216388506333928,Supplier 1,Kolkata,14,537,15,33.01658519697249,Fail,1.8917879411211602,Rail,Route A,399.247882659482
skincare,SKU45,22.41141763462761,79,119,6080.176085515788,Female,60,28,111,3,Carrier C,9.77288837443658,Supplier 1,Bangalore,18,784,5,71.95150779722992,Pass,2.2357442899129296,Air,Route A,665.2633410871069
haircare,SKU39,41.63646365066475,69,844,4344.347711809307,Non-binary,-11,13,46,0,Carrier A,4.453977510635207,Supplier 1,Kolkata,20,674,14,17.719864351535136,Pending,2.177952059216741,Air,Route B,139.33480220136715
haircare,SKU81,30.417252781504857,16,-38,3124.301875846464,Male,34,13,95,7,Carrier A,1.3079153397835754,Supplier 2,Mumbai,13,363,8,39.50503046155755,Fail,0.8175799943442517,Air,Route A,719.5066885301567
cosmetics,SKU0,55.273968950168275,70,-28,6208.610941362956,Unknown,80,9,80,8,Carrier C,7.05503106611899,Supplier 5,Delhi,21,697,19,50.02962110945764,Pending,5.082509023228687,Road,Route A,943.4872696850521
skincare,SKU65,75.8849130075794,68,927,5499.0686088040175,Female,-2,23,67,5,Carrier B,-1.417972431179213,Supplier 2,Bangalore,-7,771,22,-15.481436717102145,Pending,4.835892357339407,Sea,Route A,-26.41177357810625
haircare,SKU90,28.82705517805124,-6,131,1332.5586122029038,Unknown,77,31,110,2,Carrier C,9.872945366611786,Supplier 5,Mumbai,15,989,7,1.9204084175116556,Pass,3.424044002679846,Road,Route B,204.90956952977228
haircare,SKU61,-9.069323801327439,3,743,8403.81802697464,Female,-22,12,74,4,Carrier B,8.153421596109125,Supplier 4,Kolkata,-8,766,10,90.06354547686747,Pending,3.239330708680275,Road,Route C,828.2461051674383
cosmetics,SKU28,51.97405443927943,29,-82,9790.571635337497,Unknown,63,8,11,10,Carrier C,-2.4082948819788985,Supplier 1,Kolkata,9,716,18,3.2577421143164855,Fail,1.4178289973680962,Road,Route B,184.56338911681175
skincare,SKU74,102.73825314350955,51,118,6656.381637087903,Female,125,1,84,11,Carrier A,2.807622660155004,Supplier 2,Chennai,18,790,19,80.61546787904628,Pass,5.40321533232658,Sea,Route C,349.43621879973745
haircare,SKU57,117.05990329415232,15,488,5558.493634780014,Female,23,26,55,1,Carrier B,-0.8791333117541917,Supplier 4,Chennai,12,94,24,19.4244668071061,Pass,4.317558568767923,Road,Route B,610.6735820302943
skincare,SKU38,14.895421175561768,35,479,1301.9515290895686,Unknown,36,34,94,9,Carrier B,7.462809055548032,Supplier 3,Delhi,14,676,29,26.885000619295727,Pending,0.2633973917484498,Air,Route A,461.27958461827166
cosmetics,SKU13,7.584496098654746,22,182,5339.317701766246,Unknown,48,27,91,11,Carrier A,3.749026136612259,Supplier 2,Delhi,-3,246,18,89.62258045290068,Fail,0.9967825179914511,Road,Route B,488.0738414014993
cosmetics,SKU80,64.80602434412711,42,-121,6605.286884117049,Unknown,57,23,80,11,Carrier B,2.383547744862599,Supplier 2,Chennai,22,940,27,10.878758246991794,Pending,3.578123541641289,Sea,Route A,933.7498763517156
skincare,SKU55,6.843362616257151,21,228,-665.8656639586493,Non-binary,53,22,43,9,Carrier B,-1.8008347144684036,Supplier 4,Chennai,20,659,19,6.548815949783872,Pending,3.4838590397425397,Rail,Route C,694.9885442943947
haircare,SKU2,27.959442836060163,51,446,5715.601975469508,Male,-15,24,104,7,Carrier B,6.673079052245884,Supplier 3,Mumbai,21,170,6,49.766766273501,Pass,1.6012542145970747,Air,Route A,309.5473657977924
cosmetics,SKU48,1.2368320927903333,43,-127,-34.50263383173842,Unknown,-21,27,111,9,Carrier A,-2.1036685857948543,Supplier 2,Kolkata,13,949,13,55.06678644206721,Pending,3.8273607901146964,Air,Route A,398.4233417088693
haircare,SKU26,99.67218148704794,23,178,8793.152578245958,Non-binary,116,20,43,8,Carrier C,6.149491473527995,Supplier 5,Mumbai,17,559,-5,68.51487574601481,Fail,0.5471287743852875,Sea,Route B,864.6757345939372
haircare,SKU4,28.39076887807098,3,-17,3153.1993334524595,Non-binary,-17,13,83,3,Carrier B,3.844790394795238,Supplier 4,Bangalore,23,513,24,41.742216303928586,Pending,4.548910925654651,Road,Route B,971.8724580608416
haircare,SKU33,60.972250930972265,32,777,5756.684792337143,Non-binary,22,36,96,11,Carrier C,4.629417610814521,Supplier 1,Chennai,14,340,29,10.800028316929527,Pending,1.496894884792515,Rail,Route C,488.3762584292917
cosmetics,SKU89,55.531569276255865,11,85,3773.47267381192,Non-binary,24,6,128,8,Carrier C,5.029463137875808,Supplier 3,Mumbai,17,321,19,6.442396763506046,Pending,0.5540942425776226,Air,Route A,231.79041446961998
skincare,SKU45,26.562262490752282,8,492,7404.5380233355545,Male,43,27,89,7,Carrier B,7.6038242506024964,Supplier 3,Chennai,15,1095,24,100.93312749259202,Pass,1.87631534263047,Rail,Route A,255.16721261484497
skincare,SKU25,92.63449619484626,56,617,6914.335784963145,Female,59,29,87,7,Carrier A,2.102265206646175,Supplier 1,Delhi,13,838,12,63.10606940842709,Fail,4.4152807588177385,Road,Route C,269.5523247891546
skincare,SKU85,-7.808222648502113,31,379,88.24033513081713,Non-binary,11,0,95,5,Carrier C,4.3256816218177025,Supplier 5,Bangalore,9,885,22,84.79077124992341,Fail,3.636702658112977,Sea,Route B,416.30668017275286
haircare,SKU49,36.245717135817614,27,173,9527.149486471346,Female,106,36,19,9,Carrier B,-1.2640545685358386,Supplier 3,Mumbai,17,721,10,-16.726373991216935,Pending,-0.7469361743850957,Sea,Route A,118.4665865191557
skincare,SKU31,6.7484215811779755,28,-159,11060.868920415336,Unknown,-10,33,102,6,Carrier B,8.617806139076743,Supplier 4,Delhi,-10,648,37,38.395632215856395,Fail,3.498367015996421,Air,Route A,-79.44931851234514
cosmetics,SKU76,70.36276818547645,72,458,8237.203872592829,Non-binary,64,17,124,5,Carrier B,-0.9913194191140926,Supplier 2,Kolkata,10,670,24,3.2524921890527736,Fail,2.0076743729608144,Road,Route B,-35.7810599465069
cosmetics,SKU77,-1.1513454752011647,-1,633,9351.142337998375,Non-binary,32,15,53,7,Carrier A,-0.6375146912309919,Supplier 1,Kolkata,13,441,12,29.235989125115466,Pass,2.0474938037976846,Rail,Route B,501.1461941747932
skincare,SKU8,35.86050155005489,49,719,7393.64594600488,Unknown,73,32,25,0,Carrier C,1.673012093989108,Supplier 3,Kolkata,10,888,12,32.581739039226186,Pending,1.984160080626168,Road,Route B,402.7113982197121
skincare,SKU59,52.643655319848435,60,1287,8382.084637013302,Non-binary,81,30,80,2,Carrier B,2.061870887294667,Supplier 4,Delhi,12,366,27,92.8821454347546,Fail,1.3830892455992103,Road,Route B,325.6322955767802
haircare,SKU23,37.014104647688896,13,789,5244.396613051049,Female,56,6,103,11,Carrier C,4.138067674166162,Supplier 3,Mumbai,15,938,19,8.442459839740039,Pass,-0.5247395206008072,Air,Route B,-102.6667758362068
cosmetics,SKU30,48.6423098384352,47,675,3712.0356830410187,Unknown,59,26,26,10,Carrier A,5.7219515561509775,Supplier 1,Kolkata,13,747,32,22.113110417402467,Pass,4.920864702664372,Rail,Route A,700.669868847275
skincare,SKU77,56.26638969927093,11,91,5447.807139943356,Non-binary,32,-3,108,7,Carrier C,1.8507230722165429,Supplier 4,Mumbai,20,763,9,8.820564498438769,Pending,2.283765878468833,Rail,Route A,639.4617843014471
skincare,SKU97,58.25231002176088,28,84,8040.514909261295,Unknown,73,34,84,9,Carrier B,-0.22376405134884214,Supplier 1,Bangalore,13,733,7,-4.598377171230688,Pending,5.167561227075776,Road,Route B,-27.805771948448125
cosmetics,SKU21,49.77902784396825,48,10,4998.037501745264,Unknown,57,38,60,8,Carrier C,4.8212930001838865,Supplier 1,Bangalore,-4,655,19,10.34634260966748,Pass,4.595204527225566,Rail,Route B,514.4875876039433
skincare,SKU34,41.33402953235172,40,1026,7664.664412090651,Female,52,31,96,8,Carrier B,1.1163273557497657,Supplier 1,Kolkata,19,-135,-5,65.84756285294462,Pass,5.829879031729909,Air,Route B,-91.70431161534242
skincare,SKU99,45.50819269272885,13,-153,6634.267182235577,Non-binary,95,23,44,7,Carrier C,1.1034694083392718,Supplier 4,Kolkata,11,692,35,82.41356794220556,Fail,4.355381471378334,Rail,Route B,679.1007545250868
cosmetics,SKU97,6.037989793099259,54,656,7135.929634045597,Female,13,26,121,4,Carrier B,5.751124218953562,Supplier 1,Mumbai,15,607,20,-15.154947422095855,Pass,0.5417488867617236,Rail,Route A,23.478097898889757
cosmetics,SKU11,35.428267471084744,104,-62,1156.8073003335116,Non-binary,16,27,56,8,Carrier A,4.384270603562605,Supplier 1,Mumbai,12,518,15,49.509262582978224,Fail,4.285919305776066,Sea,Route A,712.528703462172
haircare,SKU83,65.11904780925018,11,-12,9857.186459183169,Female,129,19,68,13,Carrier A,0.12709821320042947,Supplier 2,Kolkata,7,806,7,47.75850109385122,Fail,2.560072502837812,Road,Route B,536.3665151784701
skincare,SKU61,-4.624760206613264,17,-222,8365.212791180247,Non-binary,140,35,90,5,Carrier C,4.344653301626178,Supplier 1,Mumbai,16,998,-4,28.8420511433213,Pass,0.045638438091913036,Road,Route B,-104.84042697955425
haircare,SKU62,48.33850570650557,19,0,5843.386534230658,Non-binary,-11,24,97,10,Carrier A,6.876243420428517,Supplier 1,Mumbai,13,1050,20,30.32524005848861,Fail,5.945087300386546,Sea,Route B,165.12460135290473
haircare,SKU63,41.06774981560844,-3,134,8996.01862076656,Non-binary,23,20,53,4,Carrier B,5.387412473152208,Supplier 5,Delhi,10,732,28,84.16266356822045,Pending,3.887446623944184,Rail,Route A,404.8403928870586
cosmetics,SKU61,54.893046384936426,20,173,9562.314754558205,Unknown,86,15,82,4,Carrier C,1.7268684750866945,Supplier 4,Kolkata,20,1029,20,81.89530258924654,Pending,2.4961535793182117,Air,Route A,186.54950783879804
cosmetics,SKU81,15.232040388299446,87,295,795.7823659792334,Non-binary,82,16,68,7,Carrier B,4.903909125888035,Supplier 4,Bangalore,17,525,28,-16.232057592421345,Fail,-0.14058229527264854,Air,Route C,571.504506170158
skincare,SKU40,56.95476127375983,50,33,2342.5393137609467,Non-binary,129,18,92,6,Carrier B,5.583153132974285,Supplier 2,Chennai,15,509,29,69.69366384903148,Fail,2.1315785923947734,Road,Route C,626.3541080294802
skincare,SKU42,51.78581073991525,32,736,2886.395418731071,Unknown,46,25,81,3,Carrier C,11.706970135315451,Supplier 4,Kolkata,12,726,19,34.05263790362495,Fail,3.9598985679107916,Road,Route C,-23.712898966913656
skincare,SKU48,42.645809162184904,70,268,6290.886675161886,Male,39,15,52,11,Carrier C,3.34474089320581,Supplier 2,Delhi,7,953,12,41.58305260209005,Pass,4.707611992038687,Road,Route A,845.6298817997966
cosmetics,SKU41,59.466933567399664,18,660,8136.38705320453,Non-binary,42,17,85,7,Carrier A,5.402132926466323,Supplier 3,Chennai,-3,820,30,79.51342689816038,Fail,2.233171908630252,Road,Route C,641.4624981842576
haircare,SKU99,85.96191071170186,36,493,4982.145513514686,Unknown,29,18,102,5,Carrier C,7.367734347508334,Supplier 3,Bangalore,-2,270,27,26.581190716548598,Pass,5.001763663822537,Sea,Route B,569.549334029848
haircare,SKU93,52.22696819143437,91,-224,3764.7386737946504,Male,143,37,43,7,Carrier B,1.0787519237804788,Supplier 4,Mumbai,16,814,-1,-4.7869173811018655,Fail,1.3946980859193077,Air,Route B,922.8551490834657
cosmetics,SKU57,-1.6925465178227874,22,952,4394.006136928726,Unknown,-9,13,92,8,Carrier A,4.110631229251432,Supplier 2,Mumbai,13,333,28,54.72120010737564,Fail,0.9568183826305448,Air,Route C,318.859841070324
skincare,SKU67,96.26732930306885,38,213,5064.166434890836,Unknown,-3,22,83,6,Carrier A,1.2806114157717898,Supplier 4,Kolkata,20,383,2,45.28597973855602,Fail,3.995007240030499,Sea,Route B,494.68397920755626
haircare,SKU36,71.73175005827088,19,102,4347.577203796342,Female,70,35,90,4,Carrier B,-0.6872429055603275,Supplier 2,Bangalore,-8,421,30,77.44641657652953,Pending,2.446655437156999,Road,Route B,324.25561149025805
skincare,SKU9,88.29284795105967,-17,854,7753.457378442429,Unknown,-10,21,117,8,Carrier B,5.757224152815298,Supplier 2,Kolkata,15,584,21,45.619960916949125,Pass,3.0950731157066587,Rail,Route B,20.730921157549005
haircare,SKU51,85.77921494843268,5,186,5036.967104194271,Male,52,27,39,9,Carrier A,-1.6164326980915087,Supplier 1,Delhi,-1,-43,6,11.236486830407465,Pass,2.1238327022664727,Rail,Route B,724.1535073510202
cosmetics,SKU2,27.75286383408582,9,102,6350.210995840133,Non-binary,25,3,113,1,Carrier C,4.991239287027401,Supplier 2,Kolkata,-4,697,9,68.79917517300568,Pending,-0.5303237655459634,Air,Route B,173.21440649584736
skincare,SKU8,38.840878279270115,30,562,7189.549889636863,Male,56,30,81,7,Carrier A,-1.0417075394533688,Supplier 1,Chennai,14,1018,10,63.28751531372206,Pending,2.7527507461566922,Rail,Route A,155.28939569629136
skincare,SKU51,-7.320646882379393,-6,382,2391.0392421625206,Unknown,43,0,118,2,Carrier C,-0.4206746653996163,Supplier 4,Mumbai,12,747,5,67.02816693700194,Pending,4.117099109451186,Air,Route B,77.48168543609162
haircare,SKU35,43.5369229525349,14,282,3110.468520793994,Unknown,87,11,106,2,Carrier B,5.562911434196099,Supplier 2,Mumbai,23,1110,4,58.46152652468752,Fail,2.78730507128137,Rail,Route B,545.1013148661543
skincare,SKU50,49.84652596513937,81,-115,2032.1497096904545,Male,57,19,91,6,Carrier C,4.835247071499324,Supplier 5,Mumbai,13,720,20,73.56208336804072,Pending,1.2044817463425046,Road,Route A,830.9008457747605
cosmetics,SKU27,74.13265944823719,20,164,10333.6289915459,Female,-24,21,69,2,Carrier B,-1.039718227341229,Supplier 2,Kolkata,22,809,37,-10.727811037491946,Fail,3.904241824599967,Air,Route C,760.891423533006
cosmetics,SKU11,49.95205131635517,36,986,9462.089413973723,Unknown,87,33,115,10,Carrier C,6.651985419359222,Supplier 5,Kolkata,10,896,17,36.73530295594296,Fail,3.1702684577097755,Air,Route C,33.214100821208035
cosmetics,SKU87,-2.057429119543933,24,-9,2593.7848621130056,Unknown,38,12,59,3,Carrier C,3.1457108733723214,Supplier 3,Bangalore,17,1063,0,15.213645237069969,Fail,3.1520820236795966,Sea,Route C,435.82864674796224
cosmetics,SKU21,39.1153430581375,75,62,7583.2428499963025,Female,-3,19,88,9,Carrier B,-1.7010725265775664,Supplier 1,Kolkata,-8,621,31,14.269499185226387,Fail,2.7236338476100315,Road,Route A,146.94962104044166
skincare,SKU31,-23.521486136353083,19,234,-501.34137362762795,Unknown,93,34,109,6,Carrier B,4.996193742726906,Supplier 3,Delhi,5,992,15,101.65528688053442,Fail,-0.4773798353852141,Rail,Route A,681.5396793772525
haircare,SKU68,73.9470104432685,16,668,6500.235847853155,Non-binary,59,12,68,6,Carrier C,-0.8705720532535519,Supplier 1,Chennai,16,740,1,54.58331634410434,Fail,-0.4576737948376013,Air,Route B,442.7229132298865
haircare,SKU92,85.79377324192558,55,214,6799.702993982485,Female,30,14,100,2,Carrier B,4.517203102486773,Supplier 1,Kolkata,0,275,29,48.70793843109729,Pending,0.4052793353793557,Road,Route C,808.7073608218725
cosmetics,SKU31,44.49205902518113,26,573,10785.169131067087,Non-binary,16,6,49,9,Carrier B,0.7862024915659593,Supplier 5,Kolkata,23,987,1,65.08859811607957,Fail,4.740976786656117,Air,Route C,494.2599862715907
cosmetics,SKU14,42.75316612647306,51,721,6321.566024936448,Male,56,15,48,7,Carrier A,-1.4606373152517111,Supplier 4,Delhi,11,716,26,77.28968394669641,Pending,0.08839219313599544,Rail,Route A,760.9185300600045
haircare,SKU64,66.00102750238288,17,838,2896.6649480728206,Non-binary,113,15,27,10,Carrier A,-0.3180818060906665,Supplier 1,Mumbai,23,451,23,33.119794988643385,Pass,2.9080220147570524,Sea,Route C,375.63130157229205
skincare,SKU67,82.41875792191286,28,-252,6616.791351846715,Unknown,65,26,110,9,Carrier B,-1.6664299638597901,Supplier 4,Bangalore,10,37,22,47.88393904042414,Pass,-0.07417926685585963,Sea,Route B,-28.70370136063366
haircare,SKU50,4.754033225818274,-20,408,670.95488716,Unknown,46,25,92,0,Carrier B,6.96827114265261,Supplier 5,Chennai,9,-37,0,22.106501765749954,Pass,2.3434769241715037,Rail,Route B,745.1876753685909
skincare,SKU28,90.226502048055,-23,851,6220.777328038213,Unknown,77,24,58,3,Carrier C,-1.198320504960349,Supplier 3,Delhi,16,638,1,38.455598531680664,Pending,3.6211346401975097,Road,Route A,253.34409284960338
skincare,SKU62,-1.2899182235985869,66,-114,-510.5294474267753,Unknown,42,24,115,7,Carrier A,4.745476605461544,Supplier 1,Mumbai,23,440,25,49.679304281914725,Pending,2.551363787110915,Sea,Route B,745.9029066991739
cosmetics,SKU32,49.603182667946015,12,-125,4584.466720704702,Unknown,34,29,107,7,Carrier A,1.3732702285404583,Supplier 1,Mumbai,17,525,8,16.294998481085074,Fail,2.968657283567381,Rail,Route A,534.4555464361812
haircare,SKU56,43.3179969389046,40,463,10589.819972608275,Non-binary,23,12,55,8,Carrier B,7.16128146143966,Supplier 4,Bangalore,15,860,7,18.971173853734108,Pass,2.645346631924573,Road,Route A,326.86049703433497
cosmetics,SKU39,66.24403877204321,46,-265,6125.584780034324,Non-binary,38,25,89,12,Carrier A,1.0857531010692498,Supplier 4,Chennai,13,1087,18,89.2185569244135,Fail,4.802409453646463,Air,Route A,509.9800829451089
haircare,SKU42,23.529240833712443,27,576,7863.122153856466,Unknown,24,18,92,6,Carrier B,4.685085942822079,Supplier 3,Bangalore,-2,568,30,71.60087690561251,Fail,0.36980408543499177,Air,Route B,25.8888367585119
cosmetics,SKU58,38.12223067340694,81,659,8647.78340961345,Non-binary,55,23,79,1,Carrier C,0.8694530552188273,Supplier 1,Delhi,18,1148,18,91.48732693107326,Pending,2.998783957458982,Sea,Route B,790.9274100515752
skincare,SKU10,76.6779241729324,27,572,1000.5959472814716,Unknown,24,12,95,7,Carrier B,5.716474713559991,Supplier 2,Kolkata,24,719,26,27.16395811160112,Fail,2.817245661970411,Road,Route B,344.79119773679565
haircare,SKU61,37.41678991350605,63,-34,8253.862770398566,Non-binary,-27,28,99,8,Carrier C,1.4435623154854902,Supplier 2,Kolkata,14,733,30,60.69509283668016,Pending,3.2839074494505147,Sea,Route B,351.082140145709
skincare,SKU87,29.01011373178782,-13,-45,6306.034169399127,Male,46,22,123,6,Carrier C,-0.18250157183097038,Supplier 5,Delhi,5,806,18,64.43675634397746,Pending,-0.5261008440699484,Road,Route B,571.5463242884573
cosmetics,SKU84,78.84360319405233,-21,498,3260.658826843006,Unknown,12,8,124,8,Carrier A,0.9824823989877634,Supplier 2,Mumbai,29,601,6,19.883536427798923,Pending,5.98706266628589,Rail,Route B,1024.6734832548705
haircare,SKU87,58.01277708526604,3,670,4882.805588412208,Male,-18,6,112,7,Carrier A,-0.5120399455912779,Supplier 5,Chennai,29,828,14,85.52381047189563,Pending,4.487172494052567,Sea,Route C,596.0162653086427
haircare,SKU81,86.29431906864139,37,384,9266.769099094463,Non-binary,4,24,75,8,Carrier B,2.2267796055024593,Supplier 4,Kolkata,-6,522,13,74.89228933169326,Pending,-0.33381509506290485,Air,Route A,508.66636083532603
cosmetics,SKU94,101.02396422755243,79,325,6303.814367516848,Female,2,22,31,5,Carrier B,1.1202955516236979,Supplier 4,Mumbai,15,1174,29,81.1171423768995,Fail,0.30886237989303766,Air,Route B,130.28522027928852
cosmetics,SKU21,41.48699344994773,-1,1107,4446.605618239666,Male,87,23,62,6,Carrier B,9.539560025916089,Supplier 5,Chennai,-1,711,6,34.05299814871088,Pending,5.7509253330408505,Road,Route C,82.87965580520014
haircare,SKU20,83.62318620678509,69,572,8183.927720905611,Male,4,22,90,7,Carrier B,7.4604022217626,Supplier 5,Mumbai,23,817,7,41.70900659762132,Fail,1.3860754267328237,Road,Route B,893.8995759614761
skincare,SKU40,-10.337208516672067,35,551,631.696847435926,Unknown,78,26,92,3,Carrier B,9.686651662170375,Supplier 2,Mumbai,25,420,32,86.75518889833816,Pending,-0.034368892447593336,Rail,Route A,579.1728113256718
haircare,SKU92,57.12034011602921,21,-25,3372.1489062316377,Female,3,22,68,6,Carrier A,3.5804571094105766,Supplier 5,Chennai,16,448,11,58.178599710637435,Pending,-0.038317881816956945,Air,Route C,125.18283093476839
haircare,SKU8,36.2133417993703,-18,758,8307.027627073827,Non-binary,52,25,109,9,Carrier B,1.5978503845661733,Supplier 3,Kolkata,19,904,3,23.8928039416785,Pending,1.8860894585474692,Road,Route B,271.95966193601413
skincare,SKU62,26.70572384400048,64,268,8109.220068522175,Non-binary,-7,10,99,8,Carrier A,5.140122431783195,Supplier 4,Bangalore,11,522,23,-7.01006278405438,Pending,1.5873897705481643,Rail,Route A,342.6732639722795
haircare,SKU27,17.871537937650167,34,654,-1199.613318865479,Non-binary,108,25,55,5,Carrier A,-1.0161276303209021,Supplier 2,Bangalore,-5,452,31,-10.294677627112936,Pending,5.802605068178293,Air,Route A,361.51998444499384
skincare,SKU30,60.17239129995399,23,265,8382.162514678092,Male,59,9,77,7,Carrier B,3.936498537327232,Supplier 1,Chennai,12,957,16,57.0214443442834,Fail,5.062009604396269,Road,Route A,235.15167880378658
skincare,SKU94,34.02725190598591,23,878,-237.44455773544541,Female,-15,5,20,6,Carrier A,4.228535935182785,Supplier 5,Chennai,13,819,23,60.5903503558219,Pending,2.033595663071145,Road,Route C,561.6737272426295
skincare,SKU79,63.99427324778857,43,-17,2601.1478292430584,Female,21,18,69,5,Carrier B,1.544701462756108,Supplier 2,Delhi,18,634,2,-7.421356446675013,Pending,3.990879717541268,Air,Route A,179.07900566557248
haircare,SKU94,25.810441833729854,47,-164,735.1773566663055,Unknown,50,34,96,7,Carrier B,-1.578980737790327,Supplier 3,Delhi,23,1159,22,34.861755108208776,Pending,4.325381166659236,Road,Route C,500.11900312186907
cosmetics,SKU91,83.31556959257526,86,583,995.7799455002605,Male,118,13,62,8,Carrier C,1.2742540848334252,Supplier 1,Mumbai,18,382,12,11.71179811139902,Fail,3.954312368362036,Rail,Route A,475.71776825301947
cosmetics,SKU61,106.28182282409881,26,289,7160.923172598523,Unknown,57,21,88,7,Carrier A,-1.8447589261287716,Supplier 1,Kolkata,15,689,5,12.059087894870878,Pending,2.5432367435924643,Air,Route A,615.4343353241503
skincare,SKU25,46.41365405190342,16,84,6658.470159478111,Non-binary,53,27,40,9,Carrier B,-2.03992758853763,Supplier 3,Kolkata,15,679,22,40.74218530698552,Fail,5.124508010943134,Air,Route B,339.1663941788998
skincare,SKU72,49.13840776915745,9,205,9243.745494614674,Unknown,12,29,113,2,Carrier A,3.575791905798852,Supplier 2,Chennai,-10,177,11,36.667341448422896,Pass,1.6266449361866453,Rail,Route A,471.6306242214366
cosmetics,SKU88,39.72949852306338,38,758,1203.7361093792358,Female,14,33,65,0,Carrier A,6.2173405014034175,Supplier 3,Chennai,19,664,30,22.147892592816717,Pass,4.004960117957941,Road,Route A,764.9241340831695
haircare,SKU31,22.00818557723249,36,142,6365.722248820633,Male,101,17,86,8,Carrier C,12.186836268400498,Supplier 4,Mumbai,5,695,15,40.51460058203381,Pass,4.188576024029423,Road,Route A,241.74247774060547
skincare,SKU39,75.88721784087777,5,82,8449.130713578383,Female,43,24,89,6,Carrier C,6.947007089055066,Supplier 2,Chennai,16,560,20,104.27379539461057,Pending,-0.5428786893485271,Air,Route B,300.74239633960997
skincare,SKU65,76.51990426099361,-3,229,3648.5013304576673,Female,12,14,50,4,Carrier B,2.6526985659866744,Supplier 3,Bangalore,1,595,11,-2.499639952679047,Pending,2.7427437879490393,Road,Route C,172.96316538928127
cosmetics,SKU74,29.260184564490643,27,700,9142.165906765138,Unknown,86,18,86,8,Carrier A,4.524536615014247,Supplier 2,Kolkata,12,460,27,24.032256065724155,Pending,6.177453296938106,Rail,Route A,429.741122997338
skincare,SKU88,-23.272167054221292,8,160,4173.892463192025,Non-binary,17,26,113,5,Carrier A,7.065035114407146,Supplier 2,Kolkata,-6,639,28,40.11964288843515,Pass,4.270961061154479,Air,Route A,282.78362285293167
haircare,SKU59,23.621169119513443,11,211,3366.746378154458,Female,35,1,114,11,Carrier B,0.19665176437390697,Supplier 1,Mumbai,19,540,8,1.733172496227354,Pass,1.2186223065423938,Air,Route A,174.81802431654032
skincare,SKU87,80.27130885658197,1,-236,4359.360877376066,Female,61,11,120,4,Carrier C,4.827271317173468,Supplier 4,Kolkata,12,770,28,30.155693005558277,Pending,0.8894380567604337,Air,Route A,68.63443433694187
skincare,SKU10,3.1431704708478136,7,165,8776.946689459632,Unknown,24,0,83,9,Carrier C,6.0468845459067735,Supplier 1,Mumbai,9,860,35,85.1014125089535,Pending,2.0946276689176715,Rail,Route C,39.08267141750582
skincare,SKU90,28.304165913865248,31,-228,7507.9316663133095,Female,104,31,107,8,Carrier C,4.237785475399167,Supplier 4,Mumbai,11,379,15,36.249643811592236,Pending,3.2420062464579784,Road,Route B,689.9008920946603
skincare,SKU67,52.115120593118675,12,241,7510.667191397969,Male,116,30,80,8,Carrier A,0.9156370903993283,Supplier 1,Chennai,22,778,16,47.21410511437424,Pending,5.377038044515729,Rail,Route B,299.243307203465
haircare,SKU65,-0.07519908958600041,6,823,5366.438742746886,Male,51,32,82,5,Carrier A,3.817307272618182,Supplier 3,Bangalore,11,911,10,23.02174183724575,Pass,-0.10514183272081423,Rail,Route A,75.87345117754973
haircare,SKU1,73.66541065261009,28,-256,3617.1122982493,Male,28,22,54,12,Carrier B,3.5766270993426823,Supplier 5,Kolkata,13,687,34,21.010568250719444,Fail,2.053069991054252,Air,Route A,583.2654532871193
haircare,SKU51,97.34990666569239,6,-183,-204.10477916994614,Unknown,36,30,82,7,Carrier B,5.835135448072052,Supplier 4,Mumbai,24,1113,18,24.745259746340913,Pending,1.4801032008728576,Sea,Route B,845.3575245032955
skincare,SKU93,-19.33107279274863,-12,111,3414.9105223470174,Female,25,24,25,6,Carrier A,5.5132733245370575,Supplier 5,Chennai,9,641,10,90.6065883141449,Fail,0.8501416472481842,Rail,Route A,1049.6601780890958
haircare,SKU72,-24.031695334854696,34,-46,2589.762113989931,Non-binary,126,12,119,6,Carrier C,4.733077292129973,Supplier 4,Bangalore,15,524,16,18.691572649587606,Pending,0.2901277561910225,Rail,Route B,1058.088582917263
haircare,SKU99,37.45856173521714,51,496,9207.135163192288,Non-binary,22,22,99,9,Carrier C,6.480697253941211,Supplier 3,Kolkata,19,577,29,32.85969442310374,Pending,3.9504425275005004,Road,Route A,705.4831482231162
skincare,SKU36,32.01239791343784,32,404,2426.4608656306577,Unknown,45,21,55,5,Carrier A,5.269158570646141,Supplier 4,Delhi,14,492,22,75.30566357218159,Fail,5.487794380425466,Sea,Route B,352.7790611511306
skincare,SKU84,30.92678881059259,14,726,7235.810499880007,Non-binary,45,20,65,2,Carrier C,3.0287071288609964,Supplier 5,Delhi,13,494,11,31.030714656146152,Fail,3.8123957637657218,Air,Route B,762.3409944617855
skincare,SKU47,-5.678189261111861,55,1229,5213.937463403805,Female,5,20,113,6,Carrier B,-0.6986890629008826,Supplier 3,Bangalore,-6,704,19,43.49387725822149,Fail,1.7432846346261015,Sea,Route A,727.7502689872468
haircare,SKU91,90.55949171837503,78,-151,6524.413819775757,Unknown,69,11,92,7,Carrier B,3.0377325911872015,Supplier 1,Kolkata,13,890,31,97.1745907301253,Pending,-0.056513921252036026,Road,Route A,231.49961574292303
haircare,SKU98,63.438108035731815,2,-105,1530.4752924501458,Unknown,12,14,42,2,Carrier A,6.048052703502702,Supplier 5,Bangalore,11,513,28,28.978816007814224,Fail,3.3468199038114324,Rail,Route A,261.69812872705904
cosmetics,SKU66,55.48353984937758,89,619,7267.986749023063,Unknown,15,27,68,10,Carrier B,1.0596832680374946,Supplier 4,Mumbai,-4,1092,3,66.20941394498432,Fail,2.3958254659353093,Road,Route C,-71.53587788123684
cosmetics,SKU22,-13.981353683477245,56,-271,2053.236029580964,Unknown,38,15,104,9,Carrier C,3.6991229104551095,Supplier 5,Bangalore,16,713,34,60.087960642649676,Pending,2.3915562725093067,Road,Route B,171.02509079293262
haircare,SKU12,-11.690232971855728,-7,615,7181.652764786357,Female,-11,5,70,4,Carrier B,2.1910397717612016,Supplier 2,Bangalore,15,635,21,83.92047013934629,Pending,4.710484260865966,Air,Route C,700.8057824644454
skincare,SKU60,21.593632759989198,-11,256,9831.515343741466,Female,32,27,111,8,Carrier B,-0.6248767820128132,Supplier 5,Mumbai,21,537,27,-3.5934679820297646,Pass,2.267230762622953,Road,Route A,597.5520844793161
skincare,SKU64,80.9223681740526,73,-93,2702.5728422292905,Female,123,25,114,2,Carrier A,-1.4050466994914652,Supplier 5,Mumbai,10,751,37,47.10307611083667,Pass,0.6717921000978906,Sea,Route A,359.4264851671736
haircare,SKU70,28.649907350877065,-2,956,9993.981008486622,Non-binary,32,32,122,9,Carrier B,-1.8846682229056535,Supplier 2,Chennai,15,702,29,20.382115743675655,Pending,1.9643602429123266,Air,Route A,241.8867022619864
cosmetics,SKU20,15.243347929792797,1,518,5079.318873741715,Non-binary,50,16,79,2,Carrier A,6.5385322674321955,Supplier 4,Chennai,5,351,17,33.372873007758976,Pass,-0.21852947771876274,Air,Route B,92.42534354322237
skincare,SKU45,75.0400909612,-4,554,712.7607948786399,Unknown,15,27,59,9,Carrier B,5.452672210093731,Supplier 5,Chennai,10,977,18,-1.131518650330456,Pending,0.8375684416741124,Road,Route A,637.0259441592715
haircare,SKU76,-23.292935487577225,33,896,7629.787857933824,Male,59,34,69,8,Carrier B,7.145064999304265,Supplier 4,Delhi,-1,777,29,39.78211308060692,Pending,1.4802580996612473,Road,Route C,700.1552542126683
haircare,SKU15,24.35864348963431,11,35,8934.760956156091,Non-binary,14,15,68,10,Carrier C,1.3612553089719928,Supplier 4,Mumbai,19,1270,29,11.339016483819883,Fail,2.810314337945391,Sea,Route A,433.76109074511953
skincare,SKU88,83.92862819977222,29,486,6617.241641328626,Non-binary,39,17,33,5,Carrier C,-1.1460456874763452,Supplier 2,Kolkata,10,455,24,31.09226003422087,Pending,1.361414789081971,Air,Route B,577.8400646772407
haircare,SKU34,39.87516207809613,79,143,11424.924999772873,Non-binary,33,28,107,4,Carrier A,5.731001891406057,Supplier 5,Kolkata,-7,959,12,43.71836190877827,Pass,2.306621244986067,Rail,Route A,73.74664628175535
haircare,SKU30,25.340655832338584,-1,476,7497.4315114210685,Female,80,-1,19,9,Carrier B,4.7949057641616,Supplier 2,Chennai,13,235,8,32.399377958434684,Pending,2.5600760334083565,Rail,Route B,581.3722190717933
skincare,SKU39,-11.831029036801606,9,505,-669.6024453200016,Non-binary,43,23,36,-1,Carrier C,-0.8105765023068541,Supplier 5,Chennai,23,911,12,16.762345598415756,Pending,4.866608750788426,Rail,Route C,250.5666696866275
haircare,SKU35,-2.451859807940888,-6,695,6927.558176290895,Female,-9,6,-3,8,Carrier A,6.502753169971912,Supplier 4,Mumbai,18,835,11,50.45419222068254,Fail,2.9675411092931654,Sea,Route A,572.6734636110178
cosmetics,SKU99,27.42455390588819,102,897,3675.259406083783,Unknown,33,19,99,4,Carrier C,7.423874409005469,Supplier 5,Chennai,-5,922,34,29.75411179172655,Fail,5.9644811703090745,Road,Route A,70.67123251635178
skincare,SKU64,13.868408862144207,54,732,7845.982671152839,Unknown,-23,15,84,10,Carrier B,3.031381682709924,Supplier 4,Chennai,16,694,9,-23.51653062228539,Fail,-0.35804796292369456,Air,Route A,959.147274706313
cosmetics,SKU15,49.191994679248296,26,465,552.3192141365885,Male,117,25,122,5,Carrier B,-1.517776749605451,Supplier 5,Kolkata,20,818,24,79.94733073148387,Fail,2.8842274382669046,Rail,Route B,753.3939223865909
skincare,SKU39,-25.217100599500817,23,690,6359.962598035344,Unknown,79,7,77,4,Carrier B,7.739846811945323,Supplier 1,Mumbai,21,864,21,24.21362943879226,Fail,3.0977962231993086,Air,Route A,116.70889393344805
skincare,SKU87,47.52502127793391,99,364,9627.994551965046,Male,36,20,45,7,Carrier A,-2.060350886990652,Supplier 2,Chennai,18,687,14,29.638512068843546,Pass,2.928911078038536,Air,Route A,497.5254127798624
haircare,SKU63,68.54210157286332,71,377,911.9776288322655,Male,81,26,81,6,Carrier C,2.458568775839356,Supplier 4,Kolkata,18,703,12,15.990443983847179,Fail,1.3555742290406454,Air,Route A,507.364504825069
skincare,SKU31,26.971723511961912,82,369,6427.122709285937,Unknown,60,36,99,6,Carrier C,-1.0285715722226314,Supplier 2,Mumbai,-3,919,25,47.068229726565846,Pass,0.8661138048247768,Rail,Route C,1008.3036114160518
skincare,SKU48,63.795061501530654,30,694,9429.319151912361,Unknown,32,15,65,10,Carrier C,4.877125715255339,Supplier 1,Chennai,3,693,16,40.68615713436418,Fail,2.777394115174406,Sea,Route B,806.320737013768
skincare,SKU1,9.870482382319436,-23,-164,7880.4546548328335,Non-binary,97,22,95,11,Carrier C,1.9265509446596254,Supplier 4,Chennai,17,662,24,-3.830328233710091,Pending,2.466547969888814,Road,Route C,857.2519490061067
cosmetics,SKU7,80.64604064646956,-11,631,5351.196971209625,Non-binary,35,30,92,1,Carrier A,3.9404217458356983,Supplier 2,Kolkata,13,816,13,-18.118102677149462,Fail,1.3282968688289487,Air,Route A,1069.6496172519585
cosmetics,SKU5,59.2672343877506,20,524,5015.767897326225,Female,52,3,103,2,Carrier A,1.345249876859853,Supplier 2,Kolkata,-7,774,20,88.54970634511145,Fail,1.1455795688320776,Rail,Route C,500.5576737303901
cosmetics,SKU17,51.83520540460505,-8,309,7868.099502381329,Unknown,-13,16,97,7,Carrier A,0.5957824827709817,Supplier 3,Bangalore,-6,1001,28,68.68437590567142,Fail,5.660619253810273,Road,Route A,386.4530611904547
cosmetics,SKU2,23.04902930661519,18,252,4723.051031513449,Female,87,8,35,8,Carrier B,-1.7903821703488836,Supplier 2,Bangalore,14,670,30,6.643610776643122,Pass,1.4706467301833357,Air,Route B,203.43939532769923
cosmetics,SKU12,55.35671700046019,13,-249,6242.90727601327,Non-binary,47,23,87,1,Carrier B,4.584602296617026,Supplier 4,Mumbai,8,1212,29,-10.88845885787958,Fail,4.499052108710874,Rail,Route A,1211.1198003268978
cosmetics,SKU78,41.15980312315186,-11,655,3841.997109851663,Female,63,25,54,9,Carrier B,-0.25197440757276457,Supplier 5,Mumbai,23,623,35,-2.7853814364782608,Pending,0.3537581649102176,Air,Route C,108.03953694430209
haircare,SKU3,52.63149865681808,44,303,3259.581032674937,Unknown,67,13,120,1,Carrier A,-1.772797885994251,Supplier 2,Mumbai,-3,870,21,14.16906702112857,Pending,2.1603205858058034,Rail,Route A,890.5739848977619
cosmetics,SKU77,58.85611747203919,64,432,3653.0749073875163,Male,61,28,98,7,Carrier B,4.1173089883908105,Supplier 1,Kolkata,14,839,6,49.30487865820027,Fail,5.169008512904668,Air,Route B,198.1403789028221
haircare,SKU33,45.611229428633195,0,-15,5973.280790775374,Unknown,90,25,84,6,Carrier A,0.2619565970491258,Supplier 4,Kolkata,18,622,20,67.92238049591313,Pass,2.8337308111276327,Air,Route B,797.558667521009
cosmetics,SKU77,52.072135160377684,27,511,-479.22534988264397,Unknown,-4,15,67,11,Carrier C,4.625154538714976,Supplier 1,Mumbai,10,386,12,30.073584146640748,Pass,0.8354280493386088,Sea,Route B,363.3616160338653
skincare,SKU41,101.07219202231786,35,471,5187.694193045581,Male,25,12,29,8,Carrier C,4.536413916912316,Supplier 5,Kolkata,14,647,-2,-3.0988720515371817,Pending,1.1384231552933317,Rail,Route B,677.4511632202617
cosmetics,SKU34,61.26592981433081,-2,581,8177.926154898113,Female,62,4,-4,3,Carrier B,-0.2882521356249059,Supplier 3,Chennai,11,515,18,30.398704502827258,Pass,-1.271763491524518,Rail,Route A,357.26591311035924
haircare,SKU11,78.33245900605063,26,583,8773.180624482713,Male,51,36,96,10,Carrier B,6.005921486397308,Supplier 5,Kolkata,13,361,13,55.858130872963194,Fail,1.7093823078462984,Air,Route C,315.72702302903843
haircare,SKU99,47.51452157019618,50,171,1473.7991131219542,Unknown,50,13,31,7,Carrier B,2.8250031224021095,Supplier 5,Kolkata,21,350,19,-1.6227285202000488,Pending,4.598760869429302,Sea,Route B,902.5745543481981
cosmetics,SKU50,85.27055301099739,9,-82,1517.5175981785749,Unknown,91,9,81,1,Carrier A,9.313899327111626,Supplier 1,Kolkata,11,834,-2,16.29149790934914,Pending,6.441681644740402,Air,Route B,36.84936594554733
haircare,SKU97,48.843787964323525,-3,105,7071.6743798276875,Female,21,32,58,5,Carrier B,-1.488559849006064,Supplier 4,Bangalore,12,779,31,48.192636197963665,Pending,2.646261191779038,Air,Route A,686.5773517057105
cosmetics,SKU76,28.57779817230034,12,543,5443.479119626547,Female,56,16,87,9,Carrier B,1.0864958081809433,Supplier 4,Chennai,-3,848,1,3.9340849159378877,Pending,3.726356786519409,Air,Route C,784.1941345470509
skincare,SKU39,-6.828447946232565,13,213,2104.0101953735975,Female,19,27,59,5,Carrier C,1.243575963783456,Supplier 1,Kolkata,14,216,20,19.39646223321862,Pending,1.481916629541029,Air,Route C,548.4162857558686
haircare,SKU3,63.37725895154797,38,-28,4004.815927170507,Female,85,15,20,10,Carrier C,-0.2762599498601963,Supplier 3,Chennai,4,367,27,32.8915063443752,Pass,-0.8673817396613743,Sea,Route A,417.07521110846557
skincare,SKU68,31.160417182475854,16,387,7935.31448385788,Non-binary,28,36,87,8,Carrier C,3.82373439186013,Supplier 1,Bangalore,5,205,18,4.9115149365424315,Fail,2.113420106189297,Air,Route A,210.9831799963594
cosmetics,SKU91,49.21167447091837,23,-25,10072.16870055061,Non-binary,56,12,122,5,Carrier B,-1.537100482797916,Supplier 2,Bangalore,14,437,0,-21.842746999901625,Fail,0.727082268677185,Rail,Route B,161.46136116806758
cosmetics,SKU95,17.886881624429734,64,-127,11758.34359375131,Male,31,32,99,7,Carrier C,6.901517981678207,Supplier 1,Kolkata,-10,1134,30,-15.281802633283586,Fail,5.551228186868867,Road,Route A,146.48278030754855
skincare,SKU12,-22.926256054557484,27,814,6012.954392756353,Non-binary,55,25,118,9,Carrier B,9.669841532505856,Supplier 1,Kolkata,-11,151,15,38.68530214889917,Fail,0.6193311737766409,Air,Route A,611.1655554383343
skincare,SKU66,48.67645457400421,48,42,7815.26673059353,Unknown,52,32,22,4,Carrier A,10.776632416342942,Supplier 4,Mumbai,20,1121,24,66.02592869230713,Pending,4.7045065027526505,Sea,Route C,667.6057271803347
skincare,SKU6,11.280126250202866,4,730,2152.6345169524484,Unknown,70,30,108,11,Carrier B,6.9403197411845285,Supplier 5,Mumbai,-10,201,20,83.90375562273894,Pending,2.630344581302591,Road,Route B,595.4410178586635
skincare,SKU74,5.245335494206174,59,390,9218.916611695873,Female,67,26,116,10,Carrier C,-0.7813345736666344,Supplier 3,Kolkata,12,775,19,-25.297538876548924,Pending,0.9223569172013537,Air,Route C,964.6446061644538
skincare,SKU54,45.20109162286742,26,159,7290.823199876677,Unknown,27,21,43,7,Carrier A,-0.5815670087548748,Supplier 3,Mumbai,10,786,22,9.801789870584884,Pending,2.4778971954190583,Road,Route C,367.58486883045725
cosmetics,SKU34,98.00833105396752,36,439,7387.762844699111,Non-binary,53,12,106,11,Carrier B,2.713925976017574,Supplier 5,Mumbai,17,936,12,20.28078465558587,Pass,5.3176324170396665,Rail,Route A,294.1733665333662
haircare,SKU57,37.453102905552726,23,312,5266.866538917596,Male,33,9,68,7,Carrier B,0.6032262392484675,Supplier 2,Kolkata,2,832,35,6.562345321691385,Pass,3.1652899203614644,Rail,Route A,431.696446507467
skincare,SKU53,-2.9222957611122347,28,7,5195.880064040959,Unknown,118,32,111,1,Carrier C,0.3310298184056335,Supplier 2,Kolkata,27,1043,20,50.34779713179516,Fail,4.972239512543913,Air,Route B,298.6537461644205
cosmetics,SKU51,25.291507777018037,-28,20,8918.622973397054,Male,-7,33,109,8,Carrier A,1.9319772324790356,Supplier 3,Mumbai,10,640,10,129.36853091711973,Pending,4.493566331853228,Rail,Route A,180.58560457586296
skincare,SKU45,98.77507491653192,21,427,6336.643470480493,Female,1,19,105,1,Carrier C,4.7552110853337375,Supplier 1,Kolkata,12,615,3,70.77415973163787,Pass,4.577853884355591,Air,Route A,-2.4564602119433516
haircare,SKU27,67.81758302009426,-18,118,8172.579523569444,Female,107,23,116,1,Carrier A,5.297344937717743,Supplier 3,Kolkata,16,849,3,25.938468323532756,Pass,3.2208722836196664,Road,Route C,191.62291774811865
skincare,SKU58,69.70844561018322,13,671,5056.6020090426,Female,115,25,13,4,Carrier C,2.025588257917862,Supplier 4,Chennai,18,1242,31,39.58597404863364,Fail,1.1568569995572284,Sea,Route A,390.152127144467
skincare,SKU30,78.688711289104,29,656,8858.828749602799,Non-binary,44,11,118,9,Carrier C,4.289048666538911,Supplier 5,Delhi,9,915,28,32.54175356832401,Pending,1.8075478136546925,Air,Route B,-21.87730744792242
cosmetics,SKU32,-11.206623168978641,23,387,6137.027769734431,Unknown,-6,31,114,0,Carrier B,-0.45558210821619927,Supplier 1,Kolkata,-7,825,30,51.19226232547227,Pending,1.3443534257843037,Rail,Route A,997.6440992314904
skincare,SKU61,74.3272037147976,57,172,1413.383917309667,Female,40,22,66,8,Carrier B,1.5659104331242517,Supplier 1,Kolkata,21,268,8,58.6322317151419,Pass,1.0067281177070773,Sea,Route A,354.081041752073
haircare,SKU87,37.106177625963085,-17,174,5451.2096934077,Unknown,89,7,68,1,Carrier B,-1.4703248355897962,Supplier 2,Mumbai,15,335,8,66.72157678120021,Pass,3.3090655706014056,Sea,Route A,441.46608216062094
cosmetics,SKU6,66.29207668524822,-8,-191,131.88609273202928,Non-binary,8,21,87,7,Carrier A,9.638992166340838,Supplier 1,Bangalore,12,916,6,96.82733496516292,Fail,3.4348213431716617,Sea,Route A,595.8737543106542
haircare,SKU6,44.70826036848551,67,0,4699.492278828626,Female,64,24,100,11,Carrier C,1.245395085217937,Supplier 2,Kolkata,11,611,28,-17.01996426903101,Pending,0.432731004744062,Air,Route A,426.87208583087255
skincare,SKU82,95.22416668490915,2,540,340.9835446701122,Non-binary,24,10,42,9,Carrier C,4.120272332591995,Supplier 2,Kolkata,10,425,8,60.898073679036784,Fail,2.989096787255629,Air,Route B,221.85508463403107
skincare,SKU35,60.272120490018146,-6,508,8927.809241433055,Female,33,27,69,8,Carrier A,0.9271527005531928,Supplier 3,Mumbai,12,421,9,-21.223629016118938,Pending,4.600935635218748,Air,Route C,275.0619801925252
skincare,SKU29,21.694751586054203,50,-72,6192.574086605193,Non-binary,-14,19,59,7,Carrier A,5.259049285430162,Supplier 5,Mumbai,11,683,-1,32.35489866138952,Pending,5.123061564468079,Sea,Route A,218.64150945324383
haircare,SKU79,101.352066834471,38,-241,9340.824247900775,Female,-16,29,91,11,Carrier A,-1.287399890756011,Supplier 3,Delhi,7,189,32,-7.598620499176423,Fail,5.628537711300614,Rail,Route A,223.5862856851764
skincare,SKU8,46.32877169044073,54,-190,781.2845002051786,Male,59,12,111,6,Carrier A,3.122439942523748,Supplier 5,Chennai,-3,664,14,29.98028154372794,Fail,2.244072750468398,Road,Route B,402.33255694392386
haircare,SKU85,84.45234594160452,7,717,6115.377943743564,Unknown,-2,28,82,7,Carrier C,-1.9266068766600064,Supplier 1,Delhi,16,732,24,2.9448452219361485,Pending,1.9282663492505243,Sea,Route C,456.2017124609991
skincare,SKU49,-14.992424362790892,50,225,6620.803081711186,Female,-13,13,107,6,Carrier A,6.235339800492142,Supplier 3,Mumbai,18,769,20,73.22253950292084,Pending,4.893906456062837,Air,Route B,307.1437070887335
skincare,SKU39,119.30596241521079,52,84,5424.306545068013,Unknown,17,39,46,11,Carrier A,6.406651237568673,Supplier 5,Chennai,-7,725,17,8.924597009402639,Fail,4.490369952537506,Air,Route C,383.2759982551295
haircare,SKU57,66.20424426445852,52,870,-1453.0483848600093,Non-binary,74,10,124,5,Carrier A,6.494945608161239,Supplier 1,Mumbai,23,236,18,-27.57525259384506,Pass,1.0697280793747486,Air,Route B,114.91979851303131
cosmetics,SKU18,24.53888458289893,50,439,4735.913643599837,Non-binary,60,25,87,5,Carrier B,2.157989722424872,Supplier 5,Kolkata,13,912,33,5.8679605515777595,Fail,4.2596872801043295,Road,Route A,178.9948316940152
skincare,SKU35,24.502758290040155,41,328,7994.370239906669,Non-binary,0,22,96,1,Carrier B,7.8879461508866395,Supplier 4,Delhi,14,1045,7,-15.754438553659877,Pending,4.600782153374425,Air,Route C,539.0873053171395
haircare,SKU75,59.740431965811496,79,348,6233.343404315827,Female,41,18,61,4,Carrier C,-1.213282267769789,Supplier 1,Delhi,23,1166,8,50.54364348125408,Fail,3.3484280963936928,Road,Route B,219.2368364323761
cosmetics,SKU64,47.375591915417935,-3,651,2245.329183487433,Non-binary,38,13,80,8,Carrier B,2.8198248207539445,Supplier 5,Bangalore,-3,779,14,123.06848632823842,Fail,5.650556120761069,Rail,Route B,530.2831397470253
skincare,SKU49,-13.098868306996657,11,112,8509.713108786438,Unknown,9,-3,107,7,Carrier B,10.487973420305506,Supplier 1,Mumbai,-4,799,26,40.39384615646837,Pending,2.1161652980863064,Road,Route A,735.4975978476548
haircare,SKU87,36.56548192673107,47,268,4098.313335028252,Non-binary,26,19,92,12,Carrier A,0.23657753794433667,Supplier 2,Mumbai,18,612,25,36.294487752641494,Pass,3.1969567321453005,Rail,Route C,655.1708048654385
skincare,SKU51,38.773386522844035,110,139,496.4746724013321,Female,108,27,102,9,Carrier C,8.324563687855369,Supplier 4,Chennai,23,750,23,-0.8076588168206094,Fail,2.678078640397274,Road,Route B,805.9316903188077
skincare,SKU83,73.6049902605246,-12,-36,8913.97973396086,Female,28,32,82,7,Carrier A,3.2684124487814215,Supplier 1,Mumbai,12,924,14,87.04394920591287,Pass,5.192436077548315,Road,Route A,-92.08438911712625
cosmetics,SKU99,106.18498110670208,49,850,6078.443328076792,Non-binary,66,33,64,9,Carrier C,6.018231626418531,Supplier 4,Kolkata,18,1125,29,57.58948701877143,Pending,0.32457839088067075,Air,Route C,653.1240455561236
skincare,SKU11,63.653606634156965,-1,-92,9316.850618320788,Unknown,18,4,84,8,Carrier B,3.91711829419113,Supplier 1,Bangalore,16,1128,31,57.81910264607538,Pending,3.810246635188054,Air,Route C,620.308100736112
skincare,SKU60,-29.381243150869985,33,286,3287.081617548897,Unknown,37,32,110,6,Carrier A,2.647517031549902,Supplier 4,Chennai,10,935,16,79.72569959439963,Pending,-0.6160942901568189,Air,Route A,562.918824326676
skincare,SKU87,28.28209619741063,14,352,6975.577709220201,Female,44,29,115,7,Carrier B,8.956184457157121,Supplier 3,Mumbai,11,447,14,30.179112784702927,Pending,2.06585838610172,Rail,Route B,151.21218727432418
haircare,SKU85,88.22845476467823,108,728,1878.6447464152182,Unknown,30,17,32,4,Carrier A,2.1425293801853553,Supplier 1,Bangalore,19,827,32,40.69695411161458,Pass,3.1161398927669257,Air,Route B,1123.2476098349775
cosmetics,SKU78,28.94652992881757,26,646,7150.233123940049,Female,-4,25,52,8,Carrier A,3.705958211463728,Supplier 3,Chennai,26,825,9,4.50679937926779,Pending,-0.026000961344737616,Air,Route B,531.1086393013013
haircare,SKU32,91.04140687556188,13,552,875.5014572607024,Male,26,19,84,9,Carrier C,-1.0815133869948115,Supplier 1,Delhi,14,1194,21,-18.02359114684924,Pending,2.0230977430729182,Road,Route B,831.6368938768848
cosmetics,SKU75,32.60107998678001,44,75,5596.26405497196,Female,63,9,91,4,Carrier B,-1.8413313359368129,Supplier 1,Bangalore,-3,872,14,41.67670716466108,Fail,1.6030182965452646,Sea,Route C,224.0197793350847
skincare,SKU99,-12.00553141960944,64,-4,7707.978733092842,Non-binary,56,18,62,3,Carrier A,-0.347393396111201,Supplier 2,Kolkata,18,718,34,50.92152805985299,Fail,1.0038934910951247,Rail,Route B,599.4182799774153
skincare,SKU8,31.08463873079922,49,617,1020.4226895400102,Unknown,-2,19,61,6,Carrier B,-2.552030920477754,Supplier 3,Chennai,14,934,2,30.396628416464843,Pending,3.213637390792498,Road,Route A,648.5198120459245
skincare,SKU11,22.67440465660247,46,426,4385.950372390687,Non-binary,103,37,106,5,Carrier C,0.8218956062976637,Supplier 1,Mumbai,15,964,33,33.841504914589805,Pass,-0.17043176382742375,Air,Route B,992.3244332510493
cosmetics,SKU57,17.654157400759114,-15,243,5845.453957585151,Unknown,105,19,53,8,Carrier A,5.2791165096444645,Supplier 2,Delhi,17,502,23,-0.009200750421531012,Fail,2.9909478999293686,Rail,Route A,331.4683876020275
skincare,SKU29,56.85531001089585,83,271,4844.92754046342,Female,48,19,110,6,Carrier C,0.2967733132176922,Supplier 2,Kolkata,17,550,22,118.33167531760856,Pass,0.5493261366589134,Road,Route A,581.642733918201
cosmetics,SKU61,41.20052476193101,114,318,318.6936971487262,Unknown,67,19,76,0,Carrier B,0.8726057540956464,Supplier 1,Bangalore,12,225,9,46.5657978020157,Pending,-0.8961727980765373,Road,Route C,370.42633429097094
cosmetics,SKU72,30.569650236792114,19,514,5375.92234688295,Female,57,21,97,7,Carrier B,1.229069919884167,Supplier 5,Bangalore,15,722,24,41.05909644195434,Pass,2.6548839936454214,Air,Route C,785.8076437633842
haircare,SKU64,18.10171357825279,-23,-23,4539.254492168026,Unknown,52,21,102,0,Carrier B,5.681549719751221,Supplier 2,Kolkata,-2,778,15,73.82902039322566,Pass,2.2628503681198966,Sea,Route B,576.6317690517607
skincare,SKU65,52.67012629447839,-11,911,7772.486677670179,Non-binary,4,17,120,9,Carrier B,-1.1759045573230757,Supplier 3,Delhi,15,911,-3,17.704772892135516,Fail,-0.4903137978527421,Air,Route A,327.75236314255665
cosmetics,SKU4,46.8755032895543,24,277,4860.003667443829,Male,10,2,55,2,Carrier C,4.5275145738339,Supplier 1,Bangalore,14,899,24,73.28474539988119,Pending,2.091372640885158,Rail,Route A,875.4926373785619
haircare,SKU96,29.025753633500024,11,746,3919.728833149518,Female,17,19,38,5,Carrier B,5.064465175054932,Supplier 1,Mumbai,-7,439,5,47.317008130397085,Fail,2.3391117061656024,Rail,Route C,588.5854374663951
skincare,SKU29,69.24861558789692,57,333,11059.219067664993,Male,-3,32,70,11,Carrier A,8.884316166701105,Supplier 5,Delhi,-9,925,17,51.964177631991504,Pending,2.9902106175150855,Rail,Route A,542.1951922792507
skincare,SKU98,81.14956305228338,-10,293,6570.336377082507,Non-binary,126,16,67,5,Carrier B,-0.8233053467400548,Supplier 3,Mumbai,28,715,31,25.148077575188054,Fail,4.978185734934529,Sea,Route C,559.9747076413448
skincare,SKU17,-1.190961410398284,2,587,4123.453360736092,Non-binary,-18,1,102,9,Carrier C,0.8821610429513354,Supplier 1,Bangalore,13,435,23,52.96435066740353,Fail,4.136789091416336,Rail,Route C,596.1800261200269
haircare,SKU23,40.91547965522202,26,328,6829.553544101193,Unknown,23,31,34,4,Carrier B,5.698972360886094,Supplier 1,Kolkata,-6,347,22,65.06970614635014,Pending,0.44161697520585486,Road,Route A,313.3495229826512
haircare,SKU35,35.094788776187315,22,-49,4941.540813082891,Non-binary,92,18,113,5,Carrier C,-0.7056839831794459,Supplier 1,Mumbai,4,659,35,23.8343929070467,Fail,0.383765240072369,Rail,Route B,956.1020675946721
haircare,SKU58,43.21877056369877,27,383,6646.314486132401,Unknown,-4,24,95,9,Carrier C,-1.7574594511702877,Supplier 4,Kolkata,13,896,19,-13.943516680728091,Pass,1.242333084601139,Air,Route A,1006.0736966995187
skincare,SKU35,90.09250825305688,106,-9,-721.0088929501421,Male,-10,2,54,7,Carrier A,-1.7090518831288595,Supplier 1,Chennai,1,945,31,74.18815033770501,Pending,3.962082806407816,Road,Route A,804.0665482899062
skincare,SKU69,-5.061245137271094,19,191,998.8351863574999,Female,4,27,118,7,Carrier A,-0.741538737341525,Supplier 1,Kolkata,26,813,24,32.80545220793735,Pending,1.736170391418648,Sea,Route A,644.2579513643813
skincare,SKU51,92.83835685696201,66,555,8302.642125623484,Male,29,3,84,11,Carrier B,5.168801743016619,Supplier 2,Mumbai,14,331,13,84.86802758395835,Pending,1.608114013684486,Rail,Route C,667.247802653631
cosmetics,SKU84,37.52898763910761,15,528,10603.043188038297,Male,66,28,87,12,Carrier B,1.2908084653078156,Supplier 1,Delhi,25,810,5,63.2049290500654,Pending,4.829454513416194,Rail,Route A,186.81950034461087
skincare,SKU23,62.34532268285164,65,666,482.5414330186768,Non-binary,-19,19,77,6,Carrier A,2.223785730401421,Supplier 5,Kolkata,14,1002,15,-15.777471049582779,Pending,2.6924276911976235,Air,Route B,-70.41142050881439
skincare,SKU36,58.85216496536807,15,156,6987.2255707453505,Male,43,13,61,8,Carrier B,-0.8382124649936786,Supplier 4,Bangalore,0,667,29,72.43238739481977,Pending,4.5241496277653725,Rail,Route C,519.8410322339839
skincare,SKU52,40.06025310708281,24,-24,3595.5798564559022,Male,106,31,106,6,Carrier A,3.646085208298471,Supplier 1,Delhi,16,652,24,22.819650406457903,Pending,2.2881994100645273,Rail,Route C,693.3705910747699
skincare,SKU7,64.5489809332307,-11,301,10348.83367848088,Female,23,7,60,12,Carrier B,1.5108708513963265,Supplier 5,Bangalore,11,680,21,19.590667865177423,Pending,2.417605532751203,Sea,Route A,439.4860507856691
skincare,SKU41,71.9238068366101,-4,95,6096.2762419805,Non-binary,-16,16,84,2,Carrier C,4.587366122309417,Supplier 3,Bangalore,10,540,14,44.33522017448579,Pending,4.2609111779051165,Sea,Route A,402.9769646739593
haircare,SKU35,-19.00601412517843,6,135,8271.556452223269,Female,20,33,4,9,Carrier B,7.780116225753683,Supplier 4,Kolkata,4,769,5,33.63104968570734,Fail,6.810455110064979,Road,Route A,665.4371245117133
cosmetics,SKU7,112.78184840045353,41,140,8260.207863438522,Unknown,104,13,-5,11,Carrier A,5.728925722659547,Supplier 2,Bangalore,-6,581,17,17.548203162549605,Fail,2.5980963210501145,Road,Route A,561.9901932831946
cosmetics,SKU21,57.92690288436762,72,767,4234.3606142200715,Female,72,21,44,11,Carrier C,8.153976700262936,Supplier 3,Mumbai,11,809,2,70.00201070043946,Fail,1.284252605735325,Rail,Route C,238.71978262630915
skincare,SKU53,61.09996484419555,19,-24,5734.091534064262,Unknown,80,32,123,4,Carrier A,6.773193910329125,Supplier 4,Mumbai,-3,664,12,36.346161613545114,Pass,2.050657595769599,Rail,Route C,355.7530653222294
skincare,SKU68,12.868007742611148,16,252,7358.750653822623,Unknown,43,28,29,9,Carrier B,2.4568824073047884,Supplier 5,Kolkata,0,770,8,105.4521920019601,Fail,6.2062292242256545,Road,Route C,553.1380454469249
skincare,SKU28,-3.8515494401769494,126,743,6575.254866677848,Unknown,6,19,32,11,Carrier C,6.859073671655418,Supplier 5,Kolkata,21,662,4,57.48640921197237,Fail,1.1439898326664233,Road,Route B,714.5420183075737
skincare,SKU29,-10.318890625612468,14,-62,7918.448854846347,Unknown,-19,30,68,6,Carrier B,-0.6667378488405866,Supplier 1,Mumbai,11,783,33,66.33050768678916,Fail,-0.5794695674975339,Sea,Route B,111.12270927391486
haircare,SKU72,44.766595937825656,36,342,3688.704999034573,Female,93,26,74,4,Carrier A,3.673485840594855,Supplier 1,Bangalore,-3,716,3,-13.00659351999256,Fail,0.18646832363205634,Road,Route A,97.6603656350436
skincare,SKU50,45.69610330376916,-9,1029,5917.958310734322,Non-binary,3,21,101,4,Carrier A,-1.489930551375636,Supplier 3,Bangalore,18,289,20,4.281044280950418,Pending,3.6856170993514805,Rail,Route A,894.4429653990774
skincare,SKU23,88.00857297850078,31,463,8254.087709113954,Male,15,30,97,12,Carrier C,6.840872008649112,Supplier 1,Kolkata,-11,567,22,27.613245827353154,Pending,2.8163760434615783,Sea,Route A,243.44280118050955
skincare,SKU47,36.63404720348758,51,473,6079.503453240648,Unknown,56,30,32,12,Carrier B,0.5539935801276075,Supplier 1,Delhi,-7,863,20,47.90550132570248,Fail,2.027200266470502,Air,Route B,257.3634898323204
cosmetics,SKU64,79.7960666041763,-7,-109,3705.88711827365,Unknown,51,20,95,5,Carrier C,-0.5071419580004317,Supplier 1,Mumbai,9,325,31,67.14982666798691,Pass,1.3376597143956086,Rail,Route A,299.4212934579369
haircare,SKU0,79.42435594660202,38,699,-1542.6104409043414,Non-binary,30,13,96,9,Carrier A,-0.8026071569718933,Supplier 2,Mumbai,11,556,23,15.401943654224375,Pending,1.231378324797707,Rail,Route B,658.5086914781954
skincare,SKU73,98.69401776683951,90,1033,7376.526086592797,Male,54,26,97,6,Carrier A,3.2436989381604233,Supplier 2,Chennai,1,741,9,44.95015790627461,Fail,1.1158949425537648,Rail,Route A,561.5348130950154
cosmetics,SKU43,68.50197159017537,10,383,8635.451543201794,Non-binary,39,6,91,11,Carrier A,8.553146531635342,Supplier 5,Chennai,-8,935,10,68.84399867720823,Pending,4.044099247291114,Road,Route B,228.04672294973446
skincare,SKU83,33.811231859370416,59,925,6927.185599653318,Male,73,12,73,9,Carrier C,5.182121741299955,Supplier 1,Delhi,6,1075,-2,48.66108796374214,Pending,3.2253886292792595,Air,Route C,451.89369381672964
haircare,SKU63,37.42135131411953,82,912,342.0944006734112,Non-binary,50,20,-3,9,Carrier C,-0.6677836038133558,Supplier 2,Chennai,20,693,36,63.64175676446862,Fail,4.373000827383565,Sea,Route C,280.8741831040587
cosmetics,SKU36,64.9816345549782,5,-229,8231.222497091016,Non-binary,21,12,114,11,Carrier A,-0.8039211291155794,Supplier 1,Kolkata,-2,230,15,26.178720091148087,Pending,0.6010769733942801,Sea,Route C,438.78332361688905
cosmetics,SKU84,16.79714816679723,41,74,5820.141985913978,Unknown,16,22,16,8,Carrier A,4.914838327015529,Supplier 3,Bangalore,-7,317,36,80.75146342631328,Pending,0.9267756117495267,Rail,Route B,374.4489381648524
cosmetics,SKU0,48.144735286863195,65,429,7303.494967270789,Non-binary,74,19,34,8,Carrier C,-2.1539870447538148,Supplier 3,Mumbai,-1,640,33,98.48553819849216,Fail,1.2566937092913926,Rail,Route B,499.7272969882182
skincare,SKU42,46.98494508055265,20,278,5405.2572562095065,Male,85,17,66,7,Carrier A,9.859036870376126,Supplier 2,Mumbai,19,370,7,-23.172725270422294,Fail,0.8853702870126141,Road,Route A,15.897870093118627
haircare,SKU46,51.32574575245782,1,388,197.3535256062164,Unknown,10,29,121,6,Carrier B,-1.1446762365088148,Supplier 3,Kolkata,9,701,32,30.20573548588387,Pass,4.093278727212224,Road,Route B,195.5818126731186
skincare,SKU64,56.773336337917385,51,360,6919.123901578914,Female,-12,7,105,7,Carrier A,6.562940968412169,Supplier 2,Chennai,28,466,10,61.14042109026143,Fail,2.1438354366485814,Rail,Route A,1089.3661122637852
skincare,SKU59,88.0744173267518,5,38,1050.0968668068972,Non-binary,20,4,40,6,Carrier C,5.56406658446976,Supplier 2,Chennai,22,584,28,85.13911499828878,Fail,4.871030107074152,Air,Route C,768.9077499920727
cosmetics,SKU63,32.00277441893423,13,279,3085.730612105146,Non-binary,104,15,75,6,Carrier B,-0.15603358438297787,Supplier 2,Delhi,-5,857,0,21.7818117423505,Fail,3.1885427944879647,Air,Route B,101.63656529114206
cosmetics,SKU41,60.28228180547781,22,471,2635.7893948738692,Non-binary,48,26,83,7,Carrier B,3.9326877254239982,Supplier 1,Mumbai,17,587,11,63.518511431442256,Pending,0.9708707026987058,Sea,Route B,278.8998952650815
haircare,SKU78,95.49571004580223,92,-87,1375.1024542917894,Female,-7,6,87,7,Carrier C,3.2474515800326893,Supplier 1,Chennai,12,612,12,60.337876092365235,Fail,1.7281279427761118,Sea,Route B,866.9561566620423
skincare,SKU1,57.28351414546353,-4,-91,2788.0745828952126,Male,65,35,26,2,Carrier B,9.118365254283637,Supplier 1,Bangalore,23,678,15,-1.1823337857556986,Fail,1.7962464766177304,Air,Route A,642.6133831130286
skincare,SKU96,87.42611182230272,-24,147,5502.49951138655,Unknown,124,32,9,9,Carrier C,5.167571717259651,Supplier 3,Mumbai,-3,845,9,0.2711229530529451,Pending,0.5609500386765339,Sea,Route A,621.339615872508
haircare,SKU0,-13.799202532417809,-15,275,4925.032196502678,Female,56,31,62,9,Carrier B,-2.0629316951344574,Supplier 5,Kolkata,19,584,-2,42.23335038900224,Pending,2.670711209302798,Sea,Route A,-110.30547852139807
cosmetics,SKU12,32.76115500651335,70,51,683.379246758574,Male,26,2,71,10,Carrier A,4.499627978793598,Supplier 1,Kolkata,17,767,16,-16.967799927281586,Pending,2.4679654692899717,Air,Route C,171.05094653066547
cosmetics,SKU17,-2.0949388468472705,-1,425,711.0275431576592,Unknown,9,6,64,10,Carrier C,4.987653553326949,Supplier 5,Bangalore,18,267,21,19.95848473287682,Fail,6.030129431987602,Sea,Route C,535.8116915428368
skincare,SKU64,27.983518544972625,54,816,4057.97909443611,Unknown,-4,25,89,5,Carrier B,6.445872149697031,Supplier 2,Mumbai,1,407,16,22.018371438587145,Pending,-0.6299020563442592,Sea,Route C,566.9709034428355
skincare,SKU76,50.20664960436458,94,603,9419.09138342387,Female,5,16,121,6,Carrier A,8.210377074965958,Supplier 2,Kolkata,14,312,31,21.80377117129725,Fail,6.228465865683507,Road,Route A,-119.06996545935164
haircare,SKU87,-15.376998697401106,75,512,4078.870087054091,Unknown,-1,16,102,9,Carrier B,6.112995762175178,Supplier 4,Delhi,25,1217,17,88.54933179344812,Pending,4.073006293638636,Sea,Route B,231.38404815110349
cosmetics,SKU93,90.44470354154134,34,803,4441.323781952204,Male,32,13,111,-1,Carrier B,-0.24429830744955394,Supplier 5,Kolkata,0,716,25,14.286959238001678,Pending,5.580295729660629,Sea,Route A,7.013816493432444
skincare,SKU1,-6.585173068994294,-2,289,4510.973387262537,Female,10,31,98,0,Carrier C,3.552305018722723,Supplier 3,Delhi,9,670,22,-7.054197111921333,Pass,4.561432765905298,Air,Route A,496.9048260749878
cosmetics,SKU28,25.504348515166754,39,20,7119.5780439774235,Male,90,24,89,11,Carrier B,-1.1036811398938324,Supplier 4,Bangalore,16,689,22,36.2356296341195,Pending,2.8684014304756418,Air,Route A,773.7183220299619
haircare,SKU51,35.26363439322299,-11,-35,2814.81761160023,Male,111,8,87,10,Carrier A,4.570958696685582,Supplier 1,Delhi,17,896,27,22.867423384103596,Pass,2.47382185982804,Air,Route C,909.0282504592855
haircare,SKU65,-30.775696103562673,102,-193,9573.650610962835,Female,-2,16,83,7,Carrier B,7.979189679666366,Supplier 2,Bangalore,16,728,7,40.71173366223101,Fail,3.178463458912031,Road,Route B,864.2652582430626
cosmetics,SKU62,52.919953145287934,34,938,-1149.3839212583357,Unknown,40,13,101,6,Carrier C,3.9163067831064122,Supplier 5,Kolkata,-5,663,24,99.3953182434363,Pass,2.3698004009380282,Air,Route A,504.0021880259539
skincare,SKU94,-11.099851537941746,19,108,8597.398703160925,Female,111,31,34,6,Carrier A,-0.5549209050829598,Supplier 1,Mumbai,-2,967,35,64.01019550683442,Pass,1.8038307041500996,Road,Route B,816.5557924579736
skincare,SKU48,69.76346379231539,97,470,5076.276934887129,Non-binary,37,32,46,6,Carrier A,3.776325036843426,Supplier 1,Chennai,18,798,12,16.626286340218147,Fail,-0.2970976721907168,Rail,Route C,445.516080321175
skincare,SKU65,62.55946240821031,94,54,5456.496759493735,Unknown,-20,24,26,8,Carrier C,1.2329019215025716,Supplier 4,Mumbai,14,1157,20,59.85667499054847,Pending,1.539717743180531,Rail,Route A,554.6226132151605
cosmetics,SKU84,27.45063238790722,9,613,113.07633132158162,Male,83,3,122,9,Carrier B,7.675294650405568,Supplier 5,Bangalore,14,1165,19,3.7952759614490823,Pass,2.7987187846067725,Air,Route A,360.4504175321846
haircare,SKU29,52.18713337379776,77,376,6659.337527120337,Unknown,76,26,115,2,Carrier C,4.455518044521171,Supplier 3,Kolkata,18,779,27,9.116538684640915,Pending,1.0299993263129341,Rail,Route A,569.8179817653902
skincare,SKU79,38.17972553695361,67,489,9604.383032923772,Male,44,21,99,9,Carrier B,3.759261764676322,Supplier 4,Bangalore,10,998,27,44.8486674850963,Pending,2.7042824299152675,Road,Route A,744.3109821346098
skincare,SKU66,63.664429883101,-11,188,5977.702429110384,Female,62,25,24,8,Carrier B,6.600627766935425,Supplier 4,Chennai,15,558,8,-24.380794177247477,Fail,2.462379150587653,Air,Route A,810.7581713205564
skincare,SKU87,84.25904333072273,21,313,6527.0787543166925,Male,73,21,31,3,Carrier B,-0.4839309529327256,Supplier 3,Kolkata,21,1106,11,26.051120446404,Pending,5.10933836906253,Air,Route C,244.02894135617797
skincare,SKU86,11.020166885454158,10,443,6570.832733881474,Female,-5,28,78,6,Carrier B,6.186835734855186,Supplier 3,Delhi,10,502,16,25.91767541760629,Pending,2.9837543171698218,Road,Route A,479.9973419197421
skincare,SKU83,-23.034258200413653,1,380,7428.509675070086,Female,19,22,69,10,Carrier B,2.2339853870250335,Supplier 2,Mumbai,6,554,16,47.70050384962842,Pending,5.841709604142648,Sea,Route B,-103.96745028931474
skincare,SKU79,104.68737781412047,19,564,3009.688614736586,Male,53,37,41,7,Carrier A,2.638925426549753,Supplier 4,Kolkata,11,237,16,-5.764491904759726,Fail,2.218232187487609,Rail,Route B,520.7159187605566
